{
  "model": "GRU-Causal-Plus (FC patched)",
  "causal_layers": {
    "PC": [
      "P1_PCV02D",
      "P1_FT01",
      "P1_TIT01"
    ],
    "LC": [
      "P1_FT03",
      "P1_FCV03D",
      "P1_PCV01D"
    ],
    "FC": [
      "P1_PIT01",
      "P1_LIT01",
      "P1_TIT03"
    ],
    "TC": [
      "P1_FT02",
      "P1_PIT02",
      "P1_TIT02"
    ],
    "CC": [
      "P1_PP04D",
      "P1_FCV03D",
      "P1_PCV02D"
    ]
  },
  "hyperparams": {
    "LR": 0.001,
    "CTRL_LR": 0.003,
    "BATCH": 64,
    "PATIENCE": 25,
    "warmstart": "c:\\Users\\ahmma\\Desktop\\farah\\hai-digital-twin\\outputs\\Re_gru_afterweight\\gru_plant.pt"
  },
  "nrmse_per_pv": {
    "P1_PIT01": 0.001983723370358348,
    "P1_LIT01": 0.005681753624230623,
    "P1_FT03Z": 0.009223776869475842,
    "P1_TIT01": 0.0043316856026649475,
    "P1_TIT03": 0.01943523809313774
  },
  "mean_nrmse": 0.008131235837936401,
  "best_val_loss": 0.0003218294612293982,
  "train_losses": [
    0.03857207055552862,
    0.024444215843686834,
    0.02248052368522622,
    0.021834095183294266,
    0.018778780940920115,
    0.023145650036167354,
    0.02027189909713343,
    0.02099080128245987,
    0.01721923464210704,
    0.01863500807667151,
    0.017865235381759704,
    0.020179248647764325,
    0.020795016636839136,
    0.017888121632859112,
    0.019837550463853403,
    0.019481318444013594,
    0.017050087481038645,
    0.019233811856247486,
    0.021395037963520734,
    0.015248445351608098,
    0.014903033524751664,
    0.01439040582627058,
    0.014782946003833786,
    0.014954074972774834,
    0.014506013278150931,
    0.014311899180756881,
    0.014835872169351205,
    0.014152653462952003,
    0.015029632346704602,
    0.01506615630351007,
    0.01497273069107905,
    0.014606879733037204,
    0.01508995927288197,
    0.014824697532458232,
    0.01435628072358668,
    0.013627559551969171,
    0.01315804068581201,
    0.012873391661560162,
    0.012947722797980532,
    0.013188551238272339,
    0.013023774011526257,
    0.01344828082364984,
    0.013261042174417526,
    0.01308077944559045,
    0.01324612422613427,
    0.014088635321240873,
    0.013487384072504938,
    0.013549846305977553,
    0.012886154424631969,
    0.012710511370096355,
    0.012760623596841469,
    0.01261761297355406,
    0.012790451222099364,
    0.012912983680143953,
    0.01291672236402519,
    0.013000415067654102,
    0.012643619743175804,
    0.012753334001172335,
    0.013110880879685283,
    0.012868117674952374,
    0.012563317682361231,
    0.012428915122291074,
    0.012542318465420976,
    0.012573051999788731,
    0.012546075729187579,
    0.012490199867170305,
    0.012508550140773877,
    0.012468549923505634,
    0.012550659675616771,
    0.012478328490396961,
    0.012521620723418891,
    0.012543700356036424,
    0.01248974891495891,
    0.01236583322752267,
    0.012298497749725357,
    0.012269114749506116,
    0.012288933980744331,
    0.012367367919068784,
    0.012366589839803054,
    0.01234900506096892,
    0.012383097625570372,
    0.012455025222152472,
    0.012328798067755997,
    0.012400753423571586,
    0.012446717591956258,
    0.012272226985078304,
    0.012186949112219736,
    0.012290017079794779,
    0.01232003727927804,
    0.012261158571345732,
    0.012285977677674965,
    0.012370963458670304,
    0.012305984069826081,
    0.012249872699612752,
    0.012296728655928745,
    0.012307403638260439,
    0.012284185254247858,
    0.012165000214008615,
    0.0122449801012408,
    0.012231585546396672,
    0.012279688665876165,
    0.012197127524996177,
    0.012169846665346994,
    0.012212426238693296,
    0.012140073027694598,
    0.012231951084686443,
    0.012194590381113812,
    0.012118063512025401,
    0.012158960563829169,
    0.01220261720009148,
    0.01212301222840324,
    0.012203961750492454,
    0.012179246346931905,
    0.012170293927192688,
    0.012116304185474292,
    0.012117260275408626,
    0.01223817853606306,
    0.012227362615521997,
    0.01218438550713472,
    0.012221583240898327,
    0.01226223431294784,
    0.01214748069178313,
    0.012149369536200539,
    0.012152749375673011,
    0.012081510241841897,
    0.01223691802006215,
    0.012112845020601526,
    0.012245351291494445,
    0.01216815555235371,
    0.012138902040896937,
    0.012163355678785593,
    0.012245732179144398,
    0.012135600502369925,
    0.012131973745999858,
    0.012117160018533468,
    0.012152453395538032,
    0.01215757627505809,
    0.01212070599431172,
    0.012160503398627042,
    0.01215776798198931
  ],