{
  "rmse_val": 0.22606080770492554,
  "rmse_test_normal": 0.23818551003932953,
  "rmse_test_attack": 0.8635247945785522,
  "separation_ratio": 3.6254295840077164,
  "causal_violation_pct": 38.2425
}