{
  "checkpoint": "outputs\\pipeline\\gru_scenario_haiend\\gru_plant.pt",
  "n_seeds": 500,
  "target_len": 180,
  "n_pv": 5,
  "pv_cols": [
    "P1_PIT01",
    "P1_LIT01",
    "P1_FT03Z",
    "P1_TIT01",
    "P1_TIT03"
  ],
  "nrmse_vs_real": {
    "AP_no": [
      0.20108206570148468,
      0.3764658570289612,
      0.3193402588367462,
      0.4314528703689575,
      0.3420369327068329
    ],
    "AP_with": [
      0.35908225178718567,
      0.31186503171920776,
      0.30734720826148987,
      0.40879693627357483,
      0.5361448526382446
    ],
    "AE_no": [
      0.43053603172302246,
      0.9563397765159607,
      1.1542736291885376,
      0.8886923789978027,
      1.1363611221313477
    ]
  }
}