{
  "model": "GRU-Scenario-Heads",
  "scenario_heads": true,
  "causal_layers": {
    "PC": [
      "P1_PCV02D",
      "P1_FT01",
      "P1_TIT01"
    ],
    "LC": [
      "P1_FT03",
      "P1_FCV03D",
      "P1_PCV01D"
    ],
    "FC": [
      "P1_PIT01",
      "P1_LIT01",
      "P1_TIT03"
    ],
    "TC": [
      "P1_FT02",
      "P1_PIT02",
      "P1_TIT02"
    ],
    "CC": [
      "P1_PP04D",
      "P1_FCV03D",
      "P1_PCV02D"
    ]
  },
  "hyperparams": {
    "LR": 0.001,
    "HEAD_LR": 0.003,
    "CTRL_LR": 0.003,
    "BATCH": 64,
    "PATIENCE": 25,
    "warmstart": "c:\\Users\\ahmma\\Desktop\\farah\\hai-digital-twin\\outputs\\Re_gru_afterweight\\gru_plant.pt"
  },
  "nrmse_per_pv": {
    "P1_PIT01": 0.0027197529561817646,
    "P1_LIT01": 0.004175574518740177,
    "P1_FT03Z": 0.021370945498347282,
    "P1_TIT01": 0.0046238405629992485,
    "P1_TIT03": 0.019531309604644775
  },
  "mean_nrmse": 0.010484284721314907,
  "best_val_loss": 0.00033908974285662663,
  "train_losses": [
    0.021356592766824178,
    0.01085629292356316,
    0.01049838695616927,
    0.008549824167857878,
    0.008689456080901437,
    0.010128764182445594,
    0.008666822110535577,
    0.007529762192280032,
    0.007567614101571962,
    0.007710604567546397,
    0.006779763000668027,
    0.007262198903481476,
    0.007655143665033393,
    0.008271143556339667,
    0.008191870187874883,
    0.009615886773099191,
    0.010765046870801598,
    0.009891674760729075,
    0.010395117418374867,
    0.008781217035721055,
    0.006547224844689481,
    0.006243548629572615,
    0.005465540770092048,
    0.005195034749340266,
    0.005227287460002117,
    0.005531707807676867,
    0.005274749684031121,
    0.005230055056745187,
    0.005375936400378123,
    0.00566310107242316,
    0.006178019227809273,
    0.005713377258507535,
    0.005544256983557716,
    0.0054750777577282864,
    0.005757275252835825,
    0.005157962668454275,
    0.00490383304131683,
    0.0048860899056307975,
    0.005043950345134362,
    0.004972783784614876,
    0.0049846972629893575,
    0.004985583509551361,
    0.00511741702503059,
    0.005368209269363433,
    0.005175496815354563,
    0.0049319223588099705,
    0.004811034697922878,
    0.004815567695186473,
    0.004812239820603281,
    0.004845867186668329,
    0.004898813075851649,
    0.0048787137522595,
    0.004894295890699141,
    0.004889532098604832,
    0.004927931702695787,
    0.004967006042716093,
    0.004887220726232044,
    0.004881655596545897,
    0.004893452281248756,
    0.004881252269842662,
    0.004883904464077204,
    0.004896969138644636,
    0.005022635587374679,
    0.004927779451827518,
    0.005004019624902867,
    0.004830253680120222,
    0.0048254882160108535,
    0.004801669219159521,
    0.004826681572012603,
    0.00490688607096672,
    0.0047371447406476365,
    0.004681240445643197,
    0.004700409513316117,
    0.004690760272205807,
    0.0046701909857802095,
    0.00469342976284679,
    0.004669176369498018,
    0.004680265959177632,
    0.004684321326203644,
    0.004699979204451666,
    0.00467847962572705,
    0.004656185756903142,
    0.004676192210172303,
    0.004684965443448164,
    0.004687485223985277,
    0.004659832057950552,
    0.004672944119374733,
    0.004641279447241686,
    0.00471018513198942,
    0.004754208812664728,
    0.004678439474082552,
    0.004650721390498802,
    0.004639285150915384,
    0.0046418315847404305,
    0.004654654479236342,
    0.004640461900271476,
    0.0046196099210646935,
    0.004635095594858285,
    0.004661217328975909,
    0.004626214932068251,
    0.004660763728315942,
    0.004696320889343042,
    0.004676348324574064,
    0.0046378706771065484,
    0.004643624421441927,
    0.004637156265380327,
    0.004628819387289695,
    0.004614474675327074,
    0.004623009225178975,
    0.004588963849528227,
    0.004580819407419767,
    0.00458675144764129,
    0.004571629036217928,
    0.004571440318250098,
    0.004569773536059074,
    0.004573678516317159,
    0.004568708680744748,
    0.004578312631929293,
    0.004560905447578989,
    0.004556187617708929,
    0.004545693659747485,
    0.004549505939939991,
    0.004555125080514699,
    0.004546526759804692,
    0.004554015031317249,
    0.004552341540693306,
    0.004535662055423018,
    0.004542389788548462,
    0.004553746804594994,
    0.004556249361485243,
    0.004553809964272659,
    0.004548967759183143,
    0.0045343942765612155,
    0.004546782553370576,
    0.004530908391461708,
    0.0045222572443890385,
    0.004517746192868799,
    0.004532035836018622,
    0.004526991842431017,
    0.0045301235964871015,
    0.0045350941582000814,
    0.004530987933685537,
    0.004518774592725094,
    0.004516050386882853,
    0.0045196011255029585,
    0.00452341574273305,
    0.004530515194346663,
    0.004523464621161111,
    0.004522548732347786,
    0.004538508650148288
  ],