{
  "rmse_val": 0.13718946278095245,
  "rmse_test_normal": 0.1449814885854721,
  "rmse_test_attack": 0.30690738558769226,
  "separation_ratio": 2.116872909652591,
  "causal_violation_pct": 96.62
}