{
  "checkpoint": "C:\\Users\\ahmma\\Desktop\\farah\\hai-digital-twin\\outputs\\pipeline\\gru_scenario_haiend",
  "val_loss": 0.26793968429168064,
  "overall_nrmse_per_pv": {
    "P1_PIT01": 0.006450009066611528,
    "P1_LIT01": 0.01429368183016777,
    "P1_FT03Z": 0.005492453463375568,
    "P1_TIT01": 0.012386653572320938,
    "P1_TIT03": 0.02243518829345703
  },
  "overall_mae_per_pv": {
    "P1_PIT01": 0.025089289993047714,
    "P1_LIT01": 0.027600832283496857,
    "P1_FT03Z": 0.016420146450400352,
    "P1_TIT01": 0.018017956987023354,
    "P1_TIT03": 0.013667543418705463
  },
  "mean_nrmse": 0.012211596593260765,
  "normal_nrmse_per_pv": {
    "P1_PIT01": 0.001852304907515645,
    "P1_LIT01": 0.00251190853305161,
    "P1_FT03Z": 0.003994363825768232,
    "P1_TIT01": 0.004229640122503042,
    "P1_TIT03": 0.024047959595918655
  },
  "attack_nrmse_per_pv": {
    "P1_PIT01": 0.03970841318368912,
    "P1_LIT01": 0.08999215811491013,
    "P1_FT03Z": 0.03074263222515583,
    "P1_TIT01": 0.0866711363196373,
    "P1_TIT03": 0.05416889116168022
  },
  "nrmse_per_scenario": {
    "Normal": 0.0073272353038191795,
    "AP_no": 0.008516525849699974,
    "AP_with": 0.1021113246679306,
    "AE_no": 0.009077111259102821
  },
  "nrmse_per_pv_per_scenario": {
    "P1_PIT01": {
      "Normal": 0.001852304907515645,
      "AP_no": 0.0069289011880755424,
      "AP_with": 0.06002995744347572,
      "AE_no": 0.009061791002750397
    },
    "P1_LIT01": {
      "Normal": 0.00251190853305161,
      "AP_no": 0.009678333066403866,
      "AP_with": 0.13638818264007568,
      "AE_no": 0.010707278735935688
    },
    "P1_FT03Z": {
      "Normal": 0.003994363825768232,
      "AP_no": 0.009842686355113983,
      "AP_with": 0.06155605986714363,
      "AE_no": 0.013723386451601982
    },
    "P1_TIT01": {
      "Normal": 0.004229640122503042,
      "AP_no": 0.011941535398364067,
      "AP_with": 0.13087061047554016,
      "AE_no": 0.006931113079190254
    },
    "P1_TIT03": {
      "Normal": 0.024047959595918655,
      "AP_no": 0.004191176500171423,
      "AP_with": 0.12171182781457901,
      "AE_no": 0.004961992613971233
    }
  }
}