{
  "results": [
    {
      "model": "iforest",
      "auroc": 0.6872407963002869,
      "f1": 0.3007518796992481,
      "precision": 0.6382978723404256,
      "recall": 0.19672131147540983,
      "threshold": 0.5395032085992556,
      "confusion_matrix": [
        [
          3922,
          34
        ],
        [
          245,
          60
        ]
      ],
      "n_cal": 473,
      "n_eval": 4261
    },
    {
      "model": "ocsvm",
      "auroc": 0.6931129160915068,
      "f1": 0.39209225700164746,
      "precision": 0.36728395061728397,
      "recall": 0.4204946996466431,
      "threshold": 0.1466282563807919,
      "confusion_matrix": [
        [
          3773,
          205
        ],
        [
          164,
          119
        ]
      ],
      "n_cal": 473,
      "n_eval": 4261
    },
    {
      "model": "ae",
      "auroc": 0.711555756904594,
      "f1": 0.38943894389438943,
      "precision": 0.38688524590163936,
      "recall": 0.3920265780730897,
      "threshold": 0.5781857371330261,
      "confusion_matrix": [
        [
          3773,
          187
        ],
        [
          183,
          118
        ]
      ],
      "n_cal": 473,
      "n_eval": 4261
    }
  ]
}