{
  "threshold": 0.004634639606811104,
  "calibration": "train-99th-percentile",
  "n_windows": 600,
  "mean": 0.0019350203193365207,
  "p95": 0.0006392389885149885,
  "p99": 0.004634639606811104,
  "max": 0.53338223695755
}