{
  "rmse_val": 0.13768170773983002,
  "rmse_test_normal": 0.14672492444515228,
  "rmse_test_attack": 0.3055001497268677,
  "separation_ratio": 2.0821285196235877
}