{
  "checkpoint": "C:\\Users\\ahmma\\Desktop\\farah\\hai-digital-twin\\outputs\\pipeline\\gru_causal_plus\\gru_causal_plus",
  "val_loss": null,
  "overall_nrmse_per_pv": {
    "P1_PIT01": 0.006546904798597097,
    "P1_LIT01": 0.014241385273635387,
    "P1_FT03Z": 0.0054464139975607395,
    "P1_TIT01": 0.013291144743561745,
    "P1_TIT03": 0.023987902328372
  },
  "overall_mae_per_pv": {
    "P1_PIT01": 0.024779509752988815,
    "P1_LIT01": 0.027733581140637398,
    "P1_FT03Z": 0.016584062948822975,
    "P1_TIT01": 0.018728459253907204,
    "P1_TIT03": 0.015826305374503136
  },
  "mean_nrmse": 0.01270275004208088,
  "normal_nrmse_per_pv": {
    "P1_PIT01": 0.0018487900961190462,
    "P1_LIT01": 0.0025875731371343136,
    "P1_FT03Z": 0.0040035671554505825,
    "P1_TIT01": 0.004337438847869635,
    "P1_TIT03": 0.02588718757033348
  },
  "attack_nrmse_per_pv": {
    "P1_PIT01": 0.04033811762928963,
    "P1_LIT01": 0.08965584635734558,
    "P1_FT03Z": 0.030396247282624245,
    "P1_TIT01": 0.09340239316225052,
    "P1_TIT03": 0.05495341494679451
  },
  "nrmse_per_scenario": {
    "Normal": 0.007732911501079798,
    "AP_no": 0.008367704227566719,
    "AP_with": 0.10444734990596771,
    "AE_no": 0.009092388674616814
  },
  "nrmse_per_pv_per_scenario": {
    "P1_PIT01": {
      "Normal": 0.0018487900961190462,
      "AP_no": 0.007132762111723423,
      "AP_with": 0.06097813695669174,
      "AE_no": 0.008803289383649826
    },
    "P1_LIT01": {
      "Normal": 0.0025875731371343136,
      "AP_no": 0.008453857153654099,
      "AP_with": 0.13588108122348785,
      "AE_no": 0.009708140045404434
    },
    "P1_FT03Z": {
      "Normal": 0.0040035671554505825,
      "AP_no": 0.010085143148899078,
      "AP_with": 0.06079273298382759,
      "AE_no": 0.013977955095469952
    },
    "P1_TIT01": {
      "Normal": 0.004337438847869635,
      "AP_no": 0.012120627798140049,
      "AP_with": 0.14109614491462708,
      "AE_no": 0.006122962571680546
    },
    "P1_TIT03": {
      "Normal": 0.02588718757033348,
      "AP_no": 0.0040461295284330845,
      "AP_with": 0.123488649725914,
      "AE_no": 0.006849596742540598
    }
  }
}