{
  "model": "GRU-Causal-Plus",
  "causal_layers": {
    "PC": [
      "P1_PCV02D",
      "P1_FT01",
      "P1_TIT01"
    ],
    "LC": [
      "P1_FT03",
      "P1_FCV03D",
      "P1_PCV01D"
    ],
    "FC": [
      "P1_PIT01",
      "P1_LIT01",
      "P1_TIT03"
    ],
    "TC": [
      "P1_FT02",
      "P1_PIT02",
      "P1_TIT02"
    ],
    "CC": [
      "P1_PP04D",
      "P1_FCV03D",
      "P1_PCV02D"
    ]
  },
  "hyperparams": {
    "LR": 0.001,
    "CTRL_LR": 0.003,
    "BATCH": 64,
    "PATIENCE": 25,
    "warmstart": "C:\\Users\\ahmma\\Desktop\\farah\\hai-digital-twin\\outputs\\pipeline\\Re__reults_of_gru_after_wight_\\gru_plant.pt"
  },
  "nrmse_per_pv": {
    "P1_PIT01": 0.002093402436003089,
    "P1_LIT01": 0.00791751779615879,
    "P1_FT03Z": 0.021764768287539482,
    "P1_TIT01": 0.005130762234330177,
    "P1_TIT03": 0.022296294569969177
  },
  "mean_nrmse": 0.011840549297630787,
  "best_val_loss": 0.0003228569061637087,
  "train_losses": [
    0.03859949009492993,
    0.024573845136910678,
    0.023175078007625416,
    0.02242410958278924,
    0.02068422501324676,
    0.018873431812971832,
    0.019133980164770036,
    0.02207570559112355,
    0.019709206419065595,
    0.02125883658300154,
    0.021045533259166405,
    0.018085660529322922,
    0.019270701380446554,
    0.016535954381106423,
    0.017721674067433923,
    0.015325427474454045,
    0.014372904651099815,
    0.014526713191298769,
    0.014835806959308685,
    0.014338353043422103,
    0.014074501395225526,
    0.01402311676647514,
    0.015696385712362825,
    0.015384600101970135,
    0.01562962990719825,
    0.01583580329315737,
    0.015370955289108678,
    0.015108362201135605,
    0.015523223136551679,
    0.014811619225656613,
    0.015285400254651905,
    0.014756452251458541,
    0.01495615970925428,
    0.01462030109250918,
    0.014771746308542787,
    0.013646362320287153,
    0.012897957768291234,
    0.013115013943752274,
    0.013383597705978901,
    0.01305033458629623,
    0.013384809502167628,
    0.013590391265461221,
    0.013193502981448547,
    0.013219775602919981,
    0.013167055294616148,
    0.013521623256383463,
    0.013572095590643585,
    0.013491032348247245,
    0.012896004249341786,
    0.012751310569001362,
    0.012793412018800155,
    0.0126484822423663,
    0.012840912491083146,
    0.012988942721858621,
    0.012889186007669196,
    0.012938385672168807,
    0.012691191420890391,
    0.013060711597790941,
    0.013099445588886737,
    0.012877740320982411,
    0.012611922342330217,
    0.012447562860324978,
    0.01255994215607643,
    0.01258036540239118,
    0.01255421782261692,
    0.012480462586972862,
    0.012553596025099978,
    0.012521014676894992,
    0.012584921141387895,
    0.012586892407853156,
    0.012558260100195184,
    0.012425487121799961,
    0.012481854413636029,
    0.012378977128537371,
    0.01231536957784556,
    0.012291066179750487,
    0.012298556783935054,
    0.012383939255960286,
    0.012394813337596133,
    0.01236644237069413,
    0.012400120869278908,
    0.012427450256654992,
    0.01229360441211611,
    0.012384397420100867,
    0.012427169957663863,
    0.01225572921684943,
    0.012211190338712185,
    0.01231077552656643,
    0.012334942549932748,
    0.012273062590975315,
    0.012311244127340614,
    0.012398917024256662,
    0.012338259391253815,
    0.01228019786067307,
    0.012325143214548006,
    0.012330246373312547,
    0.012298319855472074,
    0.012184707610867918,
    0.012258928071241825,
    0.012241871934384108,
    0.012295391981024296,
    0.012217209517257289,
    0.012193736532935873,
    0.012229008972644806,
    0.012168748839758336,
    0.012245809560408816,
    0.01221628232160583,
    0.012147270370041952,
    0.01219598600291647,
    0.012234438833547755,
    0.01215802288497798,
    0.012225115118781105,
    0.012214117066469044,
    0.012182567274430766,
    0.012143614795058965,
    0.012126566359074786,
    0.012245472188806162,
    0.012246589886490255,
    0.012203862331807614,
    0.01222144115017727,
    0.012273307307623327,
    0.012158818409079685,
    0.01215209673391655,
    0.012162910157348961,
    0.012089837610255927,
    0.012245985597837716,
    0.012112655834062024,
    0.012248228344833478,
    0.01217134848702699,
    0.01215503781568259,
    0.012173760012956336
  ],
  "val_losses": [
    0.0029187373634751725,
    0.0024420556399728293,
    0.0035343411753116093,
    0.003634195865901268,
    0.001585008930819838,
    0.001229320541429131,
    0.006115384298660185,
    0.0015010927707645233,
    0.0019118866083495643,
    0.0021246720975993767,
    0.0028518954919570165,
    0.003018154438747012,
    0.0014614282838959732,
    0.0030043173389023414,
    0.002376319931658066,
    0.0013676500276905363,
    0.0021760206082430873,
    0.0007892620759894667,
    0.0008061509743920001,
    0.0008191930778000666,
    0.0006394677266539277,
    0.0010145417384236403,
    0.0011169421031018314,
    0.0008814728985864507,
    0.0009394115894911406,
    0.0006271711849283589,
    0.0012324932284410233,
    0.0010644287989555817,
    0.0010615142072429476,
    0.0025323666784021516,
    0.0011680776141988842,
    0.0012290041954459055,
    0.0010182561261741364,
    0.0007526966421763697,
    0.000965265579946825,
    0.00046790481681692535,
    0.00042699914078896296,
    0.0005600940760063088,
    0.0004063740856034438,
    0.0005028879462295901,
    0.0005903134271806186,
    0.0005157508978458202,
    0.00046486516088328284,
    0.00051003429815983,
    0.0008286847669691981,
    0.0005614027398658674,
    0.0005816963549359175,
    0.0005279748824566765,
    0.0004415645127427643,
    0.00038650267474029374,
    0.0003660154945227196,
    0.00042792529237213665,
    0.00039357926985046464,
    0.00041386316234306634,
    0.0004320188979719482,
    0.00039264128629482633,
    0.00047538063043485516,
    0.00045540524423932254,
    0.0004632422382912963,
    0.0003962226980112736,
    0.00036031912516235656,
    0.0003465088425993757,
    0.0003480828340600609,
    0.00040326030474439585,
    0.0003778957704881854,
    0.00040079877995278525,
    0.000363143700625464,
    0.0003656733201553478,
    0.00035736871928826946,
    0.00042670341740038407,
    0.0003600244545732098,
    0.0003342402576337285,
    0.0003559563078654363,
    0.0003668214219784283,
    0.0003599953697235121,
    0.0003535500594728586,
    0.0003345415594673756,
    0.00038398719144701636,
    0.00036194173204105186,
    0.00036353929633902305,
    0.0003532253271576179,
    0.00033782165290018463,
    0.00037268738505309045,
    0.000354213176330592,
    0.0003589438717387131,
    0.00034060040185147005,
    0.00034180602802814025,
    0.000347180448285223,
    0.0003472293971318995,
    0.00032715895529532725,
    0.00035847214546621495,
    0.00034647415209885526,
    0.0003481810069744192,
    0.0003432980561426476,
    0.0003397385482220789,
    0.0003551723379844233,
    0.000353046281658032,
    0.00034850299783536923,
    0.00035560872208367545,
    0.0003435812655168221,
    0.00033899561094585806,
    0.00036447236071462214,
    0.0003463557931473074,
    0.00033951779376998866,
    0.00032837717647097355,
    0.0003228569061637087,
    0.0003613915937223836,
    0.0003312755054693021,
    0.0003403143080346205,
    0.00034648560255806405,
    0.0003457760011888636,
    0.00033450476779683453,
    0.0003388814302920566,
    0.0003340312415156918,
    0.0003270401844613092,
    0.0003304997751357682,
    0.00033928863843396795,
    0.0003378213852714828,
    0.00033692891820860297,
    0.00032872199106192136,
    0.0003375271202378866,
    0.00033945582665341055,
    0.0003489963590096601,
    0.0003331868463884229,
    0.00033602235287063473,
    0.0003420122495457611,
    0.00033724816951333827,
    0.0003347861898162038,
    0.00033534099803427637,
    0.0003371337693154245,
    0.00033418815608298325
  ],
  "test_nrmse_per_pv": {
    "P1_PIT01": 0.002075390424579382,