{
  "checkpoint": "C:\\Users\\ahmma\\Desktop\\farah\\hai-digital-twin\\archive\\shot2\\outputs\\pipeline\\gru_causal_plus_tuned",
  "val_loss": null,
  "overall_nrmse_per_pv": {
    "P1_PIT01": 0.004709069151431322,
    "P1_LIT01": 0.009185743518173695,
    "P1_FT03Z": 0.003598419949412346,
    "P1_TIT01": 0.009267092682421207,
    "P1_TIT03": 0.016011599451303482
  },
  "overall_mae_per_pv": {
    "P1_PIT01": 0.019191859290003777,
    "P1_LIT01": 0.01736660860478878,
    "P1_FT03Z": 0.01561750192195177,
    "P1_TIT01": 0.014373047277331352,
    "P1_TIT03": 0.010590961202979088
  },
  "mean_nrmse": 0.008554385043680668,
  "normal_nrmse_per_pv": {
    "P1_PIT01": 0.001691212528385222,
    "P1_LIT01": 0.0016598873771727085,
    "P1_FT03Z": 0.004122084937989712,
    "P1_TIT01": 0.0040416899137198925,
    "P1_TIT03": 0.015608608722686768
  },
  "attack_nrmse_per_pv": {
    "P1_PIT01": 0.021847743541002274,
    "P1_LIT01": 0.04503412917256355,
    "P1_FT03Z": 0.014018239453434944,
    "P1_TIT01": 0.04370385408401489,
    "P1_TIT03": 0.026746690273284912
  },
  "nrmse_per_scenario": {
    "Normal": 0.005424696486443281,
    "AP_no": 0.004318817052990198,
    "AP_with": 0.07164604216814041,
    "AE_no": 0.006222625728696585
  },
  "nrmse_per_pv_per_scenario": {
    "P1_PIT01": {
      "Normal": 0.001691212528385222,
      "AP_no": 0.004992885515093803,
      "AP_with": 0.04426271840929985,
      "AE_no": 0.005204722750931978
    },
    "P1_LIT01": {
      "Normal": 0.0016598873771727085,
      "AP_no": 0.002803773619234562,
      "AP_with": 0.09457558393478394,
      "AE_no": 0.004900849424302578
    },
    "P1_FT03Z": {
      "Normal": 0.004122084937989712,
      "AP_no": 0.005432235077023506,
      "AP_with": 0.0444515123963356,
      "AE_no": 0.00481930747628212
    },
    "P1_TIT01": {
      "Normal": 0.0040416899137198925,
      "AP_no": 0.00519455224275589,
      "AP_with": 0.0984477698802948,
      "AE_no": 0.004350072238594294
    },
    "P1_TIT03": {
      "Normal": 0.015608608722686768,
      "AP_no": 0.003170638345181942,
      "AP_with": 0.07649261504411697,
      "AE_no": 0.011838178150355816
    }
  }
}