{
  "model": "GRU-AttackHeads",
  "description": "causal_plus_tuned encoder + per-scenario FC heads (attack heads fine-tuned only)",
  "source_checkpoint": "c:\\Users\\ahmma\\Desktop\\farah\\hai-digital-twin\\outputs\\gru_causal_plus_tuned\\gru_plant.pt",
  "hyperparams": {
    "HEAD_LR": 0.003,
    "BATCH": 32,
    "PATIENCE": 40
  },
  "best_val_loss": 0.008006520511116832,
  "normal_test_nrmse": {
    "P1_PIT01": 0.0018940273439511657,
    "P1_LIT01": 0.005848900880664587,
    "P1_FT03Z": 0.00654786080121994,
    "P1_TIT01": 0.0043725804425776005,
    "P1_TIT03": 0.027399426326155663
  },
  "normal_test_mean_nrmse": 0.009212559089064598,
  "test_nrmse_per_scenario": {
    "Normal": {
      "P1_PIT01": 0.0018940273439511657,
      "P1_LIT01": 0.005848900880664587,
      "P1_FT03Z": 0.00654786080121994,
      "P1_TIT01": 0.0043725804425776005,
      "P1_TIT03": 0.027399426326155663
    },
    "AP_no": {
      "P1_PIT01": 0.00798178929835558,
      "P1_LIT01": 0.020162874832749367,
      "P1_FT03Z": 0.013339233584702015,
      "P1_TIT01": 0.022780660539865494,
      "P1_TIT03": 0.008216527290642262
    },
    "AP_with": {
      "P1_PIT01": 0.05539482459425926,
      "P1_LIT01": 0.14434871077537537,
      "P1_FT03Z": 0.08651147037744522,
      "P1_TIT01": 0.14972293376922607,
      "P1_TIT03": 0.10273512452840805
    },
    "AE_no": {
      "P1_PIT01": 0.03623516485095024,
      "P1_LIT01": 0.4630368947982788,
      "P1_FT03Z": 0.2722158133983612,
      "P1_TIT01": 0.2840906083583832,
      "P1_TIT03": 0.060791052877902985
    }
  },
  "attack_detection": {
    "auroc": 0.9624437138160247,
    "best_f1": 0.5111111111111111,
    "best_threshold": 0.00271315238946541,
    "avg_precision": 0.09932391705076367
  },
  "train_losses": [
    0.03887281892821193,
    0.039154534228146076,
    0.03475544834509492,
    0.02644500695168972,
    0.023011892568320036,
    0.02015275275334716,
    0.019911391893401742,
    0.01831976999528706,
    0.01967792585492134,
    0.015932231093756855,
    0.01820577005855739,
    0.016532492823898792,
    0.015806174837052822,
    0.013885274529457092,
    0.014642986352555454,
    0.015070222085341811,
    0.013665395323187113,
    0.012750928639434278,
    0.015663519967347383,
    0.015535630285739899,
    0.01385886617936194,
    0.015760020352900028,
    0.014934739796444774,
    0.014193360460922122,
    0.01427771826274693,
    0.014145026449114084,
    0.0116941062733531,
    0.014012207044288516,
    0.012243805336765945,
    0.01221233606338501,
    0.011034467723220587,
    0.0103894256753847,
    0.012172772665508091,
    0.011966773308813572,
    0.012089219177141786,
    0.012706527020782232,
    0.010912556434050202,
    0.01225043588783592,
    0.011765290517359972,
    0.01085826731286943,
    0.01051496050786227,
    0.011157006723806262,
    0.011497647501528263,
    0.014658539090305567,
    0.013373118825256824,
    0.016596864676102996,
    0.01725190063007176,
    0.01672564446926117,
    0.017602820182219148,
    0.01562002976424992,
    0.012259155279025435,
    0.013632660266011953,
    0.013660230208188295,
    0.012481144396588206,
    0.012120569357648492,
    0.011045759776607156,
    0.012059689848683774,
    0.010349464369937778,
    0.010332989390008152,
    0.009191317309159786,
    0.01010597962886095,
    0.009955226560123265,
    0.010905491770245135,
    0.009308098000474274,
    0.010257670655846596,
    0.009776552906259894,
    0.009821193409152329,
    0.009230517665855587,
    0.009344554273411632,
    0.009852643590420485,
    0.009370481013320386,
    0.009718090761452913,
    0.009673488093540072,
    0.009089748258702457,
    0.008970320108346641,
    0.008628469484392554,
    0.009134486899711192,
    0.008846234995871782,
    0.009343358571641147,
    0.009936530725099146,
    0.009454847197048366,
    0.008777179289609194,
    0.009410792612470686,
    0.011011160793714225,
    0.008955836645327508,
    0.009376785135827959,
    0.008894120459444821,
    0.009026326355524361,
    0.00898859032895416,
    0.0096410479163751,
    0.010674375807866454,
    0.010330140008591115,
    0.00979316106531769,
    0.011192585807293653,
    0.009314701543189585,
    0.009389889077283442,
    0.009246269590221345,
    0.010827351710759103,
    0.008851083111949265,
    0.008981591439805925,
    0.011008338420651853,
    0.010803857119753957,
    0.009245409979484975,
    0.009112864383496344,
    0.009033521171659231,
    0.008550858008675277,
    0.009044415317475796,
    0.009846383705735207,
    0.0085045057348907,
    0.00897762377280742,
    0.008936830330640078,
    0.008622232591733336,
    0.008821669034659863,
    0.008213932625949383,
    0.008555819280445576,
    0.008470052271150053,
    0.008340625325217843,
    0.00901788321789354,
    0.008155866409651935,
    0.008323549060150981,
    0.008131711510941386,
    0.008006520511116832,
    0.009134190855547786,
    0.009634222486056387,
    0.008852290222421288,
    0.008411866961978376,
    0.008748022490181029,
    0.008718679193407297,
    0.008595860563218594,
    0.00872447935398668,
    0.008699130499735475,
    0.008431361988186836,
    0.00922533858101815,
    0.008325673989020288,
    0.008504107128828764,
    0.008432814502157271,
    0.008338845917023718,
    0.009632893255911767,
    0.009369664127007127,
    0.008607565308921039,
    0.009486762923188508,
    0.01048317609820515,
    0.008712822571396828,
    0.008152754744514823,
    0.008901113993488252,
    0.008388168178498745,
    0.00854569987859577,
    0.008166532847099006,
    0.008233957691118121,
    0.008266924764029682,
    0.009381788084283471,
    0.01015258557163179,
    0.009100635652430356,
    0.010310061392374337,
    0.00825640361290425,
    0.008536774083040655,
    0.008363576605916023,
    0.008703835308551788,
    0.008754736511036754,
    0.008209594117943197,
    0.008434134651906788,
    0.008772659348323941
  ],