{
  "model": "GRU-Causal",
  "causal_layers": {
    "PC": [
      "P1_PCV02D",
      "P1_FT01",
      "P1_TIT01"
    ],
    "LC": [
      "P1_FT03",
      "P1_FCV03D",
      "P1_PCV01D"
    ],
    "FC": [
      "P1_PIT01",
      "P1_LIT01",
      "P1_TIT03"
    ],
    "TC": [
      "P1_FT02",
      "P1_PIT02",
      "P1_TIT02"
    ],
    "CC": [
      "P1_PP04D",
      "P1_FCV03D",
      "P1_PCV02D"
    ]
  },
  "nrmse_per_pv": {
    "P1_PIT01": 0.0026379460468888283,
    "P1_LIT01": 0.006393907126039267,
    "P1_FT03Z": 0.009171314537525177,
    "P1_TIT01": 0.007448297459632158,
    "P1_TIT03": 0.019246479496359825
  },
  "mean_nrmse": 0.008979588747024536,
  "best_val_loss": 0.000536847859621048,
  "train_losses": [
    0.6157233947888017,
    0.08965830588713289,
    0.06124558001756668,
    0.050615863688290116,
    0.038256959756836295,
    0.04444707920774817,
    0.0350704756565392,
    0.02941735158674419,
    0.029097383748739956,
    0.029915483947843314,
    0.02767205275595188,
    0.026343497401103377,
    0.025233501754701137,
    0.027257179282605647,
    0.026008854527026413,
    0.026537342136725782,
    0.024902565265074374,
    0.02577220662496984,
    0.027332208538427948,
    0.03450139360502362,
    0.02819436155259609,
    0.02414869824424386,
    0.024276983411982655,
    0.02768156407400966,
    0.02585660428740084,
    0.024518166808411478,
    0.024122553877532482,
    0.030951872654259204,
    0.027391726896166802,
    0.03725591786205769,
    0.03072161232121289,
    0.02335468390956521,
    0.024760630633682012,
    0.025380000472068787,
    0.024692281521856783,
    0.024474750785157085,
    0.026759826578199863,
    0.02786238375119865,
    0.02228172542527318,
    0.021709840605035426,
    0.021337472042068838,
    0.021276325453072786,
    0.021223162254318594,
    0.021236103679984807,
    0.02110672895796597,
    0.020813712477684022,
    0.021312341606244446,
    0.020618260186165572,
    0.020811643032357097,
    0.020869684498757125,
    0.020882743317633866,
    0.021354996878653765,
    0.020685675693675874,
    0.02113106516189873,
    0.02116652121767402,
    0.021675176126882433,
    0.021049727126955985,
    0.020864624809473754,
    0.020753931859508155,
    0.020680155837908387,
    0.0207307209726423,
    0.020419537322595716,
    0.020831716246902943,
    0.02042056918144226,
    0.020765717467293145,
    0.020862328819930553,
    0.020590488519519567,
    0.02057774979621172,
    0.020485726837068795,
    0.020348708145320415,
    0.02004441889002919,
    0.020255737612023948,
    0.020216008508577944,
    0.020206415187567474,
    0.020013648690655826,
    0.02027326375246048,
    0.020218281308189034,
    0.020125398691743613,
    0.019926923653110863,
    0.020084781013429163
  ],
  "val_losses": [
    0.02159883640706539,
    0.009635596070438623,
    0.005009486960868041,
    0.003791651804931462,
    0.004699841840192676,
    0.0037691338220611215,
    0.0023017863471371434,
    0.0020503386040218174,
    0.0024459134050024054,
    0.0016838159644976258,
    0.002527718102404227,
    0.0016536481562070549,
    0.0016790244456691046,
    0.0017784035298973322,
    0.0016979278104069333,
    0.0020206500000009933,
    0.0015245175066714485,
    0.0019874998833984137,
    0.0018684842119303842,
    0.004578061246623595,
    0.0012564807548187673,
    0.0010782602864007156,
    0.001458845566958189,
    0.0014511740979893755,
    0.0014848333861057956,
    0.0008808375569060445,
    0.0026604365557432175,
    0.0019411571556702256,
    0.00148298996888722,
    0.0027336872881278396,
    0.0010638153180480003,
    0.0008249475504271686,
    0.0010822717061576743,
    0.0017066174962868292,
    0.0010664771834854037,
    0.0011297380357670288,
    0.0023925467394292355,
    0.001532406002903978,
    0.0007049848791211843,
    0.0005925676571981361,
    0.0006597381094858671,
    0.0006663539922252918,
    0.0006203123242206251,
    0.0007856659649405628,
    0.0006312457262538373,
    0.0006351731960118437,
    0.0005854246555827558,
    0.0005923071197078874,
    0.0005808273078097651,
    0.0005860354285687208,
    0.000571775293792598,
    0.0005978474703927835,
    0.0005586603316866482,
    0.0005774448218289763,
    0.0006606075185118243,
    0.0006717457339012375,
    0.0006038041707749168,
    0.0005898602976230904,
    0.0006028512919632097,
    0.0005773669060242052,
    0.0005503168455713118,
    0.0005451390316011384,
    0.0005595719509680445,
    0.0005423054923691476,
    0.000536847859621048,
    0.0005942649828890959,
    0.0005672865227097645,
    0.0005618114082608372,
    0.0005775936442660168,
    0.0005987066639742503,
    0.000556021923936593,
    0.0005826080887345597,
    0.0005387501490379994,
    0.000569239646817247,
    0.0005552288251540934,
    0.0005449765303637832,
    0.0005524761509150267,
    0.0005569201991117249,
    0.0005523828197813904,
    0.0005532574868993834
  ]
}