{
  "roc_auc": 0.9030376670716889,
  "best_f1": 0.5470085470085471,
  "best_threshold": 0.1978219896554947,
  "n_test": 3377,
  "n_attack": 85,
  "normal_median": 0.010692961513996124,
  "attack_median": 0.03191353753209114
}