{
  "model": "Transformer",
  "nrmse_per_pv": {
    "P1_PIT01": 0.030138447880744934,
    "P1_LIT01": 0.011069699190557003,
    "P1_FT03Z": 0.023830780759453773,
    "P1_TIT01": 0.02437324821949005,
    "P1_TIT03": 0.049328021705150604
  },
  "mean_nrmse": 0.02774803899228573,
  "best_val_loss": 0.0014908797937728789
}