{
  "model": "Transformer",
  "nrmse_per_pv": {
    "P1_PIT01": 0.02012619934976101,
    "P1_LIT01": 0.01570175215601921,
    "P1_FT03Z": 0.029758010059595108,
    "P1_TIT01": 0.016607176512479782,
    "P1_TIT03": 0.040968626737594604
  },
  "mean_nrmse": 0.024632353335618973,
  "best_val_loss": 0.0014834756375816853
}