{
  "model": "GRU",
  "nrmse_per_pv": {
    "P1_PIT01": 0.0021920418366789818,
    "P1_LIT01": 0.004699319135397673,
    "P1_FT03Z": 0.009152011014521122,
    "P1_TIT01": 0.005109063349664211,
    "P1_TIT03": 0.022445177659392357
  },
  "mean_nrmse": 0.008719523437321186,
  "best_val_loss": 0.00039852290216873843,
  "train_losses": [
    0.04690707265981473,
    0.011772126264986582,
    0.010583151804166847,
    0.009301845781737938,
    0.009865077133872547,
    0.009257302226615138,
    0.008305284849484451,
    0.008825795282609761,
    0.009074030548799784,
    0.008603458863217384,
    0.009767806887975895,
    0.007952733908314257,
    0.006392670737113804,
    0.0058290492801461365,
    0.005873782027629204,
    0.0060006009938661006,
    0.006501221796497703,
    0.006424294158932753,
    0.0061949023191118615,
    0.006327297230018303,
    0.006717454321915284,
    0.006324771442450583,
    0.005904575798194855,
    0.005420340903219767,
    0.005433241889113561,
    0.005466508152312599,
    0.005615136373671703,
    0.005774687643861398,
    0.005443634037510492,
    0.005419160897145048,
    0.005784246692201123,
    0.005852060567121953,
    0.005441923608304933,
    0.005279328100732528,
    0.005255504467641003,
    0.005279233603505418,
    0.005326171443448402,
    0.005288104736246168,
    0.00529336050094571,
    0.005317446967819705,
    0.00547648427891545,
    0.005314616419491358,
    0.005235941917635501,
    0.005215655828942544,
    0.005228207245818339,
    0.005231800905312412,
    0.005235592334065587,
    0.005260114665725268,
    0.005289295129477978,
    0.005304619713569991,
    0.00525779532326851,
    0.005351550009800121,
    0.00528562004910782,
    0.005274867021944374,
    0.005261775446706451,
    0.0052772156486753374,
    0.005211254543974064,
    0.005222957939258777,
    0.005237034530728124,
    0.005201627846690826,
    0.00522295071859844,
    0.005228657569386996,
    0.005221871554385871,
    0.0052265584876295176,
    0.005199367497698404,
    0.005214219458866865,
    0.0051797418243950235,
    0.005176871491130441,
    0.005172404675977305,
    0.005180326147819869,
    0.005176521596149541,
    0.00515638456272427,
    0.005165694924653508,
    0.005167388889822178,
    0.005156289247679524,
    0.005158206331543624,
    0.005162363967974671,
    0.0051545068010455,
    0.00516110957833007,
    0.005154894362203777,
    0.005147648736601696,
    0.005153488554060459,
    0.0051439594360999765,
    0.005126393918180839,
    0.005118365990347229,
    0.00512936755840201,
    0.005137996672419831,
    0.0051266444177599626,
    0.005114908033283428,
    0.005116431182250381,
    0.005121614836389199,
    0.0051225922157755125,
    0.00513265909976326,
    0.005130906571866945,
    0.005118975258665159,
    0.005128546548075974,
    0.005127902945969254,
    0.00511617730371654,
    0.005106711236294359,
    0.00510385865054559,
    0.005112694323179312,
    0.005113712212187238,
    0.005108245121664368,
    0.00511914673843421,
    0.005110367690213025,
    0.005106558863190003,
    0.0051066792249912394,
    0.005114846429205499
  ],
  "val_losses": [
    0.0050302688741003685,
    0.003353289318392458,
    0.0025608416940288052,
    0.003754367687455986,
    0.0021023851890197916,
    0.002615632701908117,
    0.005403594913609002,
    0.008436461738513215,
    0.013357281522906345,
    0.007281928282717,
    0.013109110336264839,
    0.002450936691552077,
    0.0009145022157336707,
    0.0009118689770769814,
    0.00104055838133006,
    0.0008680420375995985,
    0.0012800800411597543,
    0.0008823948952814807,
    0.0017208138420044081,
    0.002630967674675681,
    0.0015330139861401656,
    0.0033256529840519247,
    0.0006510305291790839,
    0.0006848064430928587,
    0.0007554098543630022,
    0.0005918499461942068,
    0.00078841348927792,
    0.0006997623283456525,
    0.0006615704687251507,
    0.0008127514485512738,
    0.0006203478349008313,
    0.0007149185605711588,
    0.0005411728330806869,
    0.0005391071583448058,
    0.0005140826194648347,
    0.0005424983202196333,
    0.0005703742765193886,
    0.0005607120249845574,
    0.0005161408765201012,
    0.0005592064597927358,
    0.0005374369565802424,
    0.00047022382268155724,
    0.0005115291480805078,
    0.0004724671775677606,
    0.0004809699982971601,
    0.0004657713453406873,
    0.0004922486525332636,
    0.00047784632340114075,
    0.0005706538593032113,
    0.000451917677824183,
    0.0006453524768838416,
    0.0004964498474019701,
    0.000477674555124553,
    0.0004896553354742734,
    0.000479097455314806,
    0.0004647670341554381,
    0.0004415951995685211,
    0.0004417371541342658,
    0.00045752142171334964,
    0.0004232343002829863,
    0.00046385111889558965,
    0.00046212094679029417,
    0.0004793366432473387,
    0.0004378158267607669,
    0.0004253662393792816,
    0.00043205879426196867,
    0.0004378311708063373,
    0.0004308878067050777,
    0.00043660180982323766,
    0.00043058841180501747,
    0.00042518487316556275,
    0.0004220563353990893,
    0.00042134230075727987,
    0.00041563073476857465,
    0.00041805817011703294,
    0.00041336470167152584,
    0.00042393213041815096,
    0.0004243226025921657,
    0.00042288745728159404,
    0.000423482144707004,
    0.00042644273692175096,
    0.00042772569956824833,
    0.00039852290216873843,
    0.00042222346477817905,
    0.0004263193543959895,
    0.00044058234830710876,
    0.0004146937597239309,
    0.0004068654405115091,
    0.00040865523371157116,
    0.0004150635732398571,
    0.0004146602928496735,
    0.0004199360466926642,
    0.00041410456026863795,
    0.00040448417143045884,
    0.00041367242279786456,
    0.00041320770928312254,
    0.00041230979537510353,
    0.00041573726491111774,
    0.000410476919648278,
    0.00041841917782617003,
    0.00041368528036400676,
    0.0004105725080159533,
    0.00041063121044198454,
    0.0004045225062367061,
    0.0004091089814091506,
    0.0004098268299181338,
    0.0004086073984027557,
    0.0004066795796540606
  ],
  "test_nrmse_per_pv": {
    "P1_PIT01": 0.0020181729923933744,
    "P1_LIT01": 0.005760623142123222,
    "P1_FT03Z": 0.007986119017004967,
    "P1_TIT01": 0.004630678799003363,
    "P1_TIT03": 0.02483590692281723
  },
  "test_mean_nrmse": 0.009046299383044243,
  "attack_detection": {
    "auroc": 0.8948431134300623,
    "best_f1": 0.48739495798319327,
    "best_threshold": 0.3065093219280205,
    "avg_precision": 0.089496882714566,
    "n_attack_windows": 85,
    "n_normal_windows": 3292
  }
}