{
  "setup": {
    "classifier": "IsolationForest(n_estimators=200, contamination=auto)",
    "features": "50 engineered (10 per PV \u00d7 5 PVs)",
    "n_real_normal_train": 10148,
    "n_real_test": 3377,
    "n_real_attacks": 85,
    "n_syn_normal": 1000,
    "n_syn_test": 4000
  },
  "abcd": {
    "A Real\u2192Real": {
      "auroc": 0.8284825959545421,
      "f1": 0.5147058823529411,
      "threshold": 0.5740346039254515,
      "cm": [
        [
          3276,
          16
        ],
        [
          50,
          35
        ]
      ]
    },
    "B Real\u2192Synth": {
      "auroc": 0.7084286666666667,
      "f1": 0.7005156683855612,
      "threshold": 0.47092560732718886,
      "cm": [
        [
          724,
          276
        ],
        [
          1234,
          1766
        ]
      ]
    },
    "C Synth\u2192Real": {
      "auroc": 0.8451754699449647,
      "f1": 0.5147058823529411,
      "threshold": 0.5727054091505003,
      "cm": [
        [
          3276,
          16
        ],
        [
          50,
          35
        ]
      ]
    },
    "D Mixed\u2192Real": {
      "auroc": 0.8225394896719319,
      "f1": 0.5147058823529411,
      "threshold": 0.573934111898383,
      "cm": [
        [
          3276,
          16
        ],
        [
          50,
          35
        ]
      ]
    }
  },
  "per_loop": {
    "PC": {
      "A": {
        "auroc": 0.7910370952755341,
        "f1": 0.6143790849673203
      },
      "B": {
        "auroc": 0.5892806666666668,
        "f1": 0.6208
      },
      "C": {
        "auroc": 0.793238510471017,
        "f1": 0.5882352941176471
      },
      "D": {
        "auroc": 0.7917518404688728,
        "f1": 0.6143790849673203
      }
    },
    "LC": {
      "A": {
        "auroc": 0.6644664427131728,
        "f1": 0.49673202614379086
      },
      "B": {
        "auroc": 0.6566546666666667,
        "f1": 0.672923322683706
      },
      "C": {
        "auroc": 0.6529733400042884,
        "f1": 0.4852941176470588
      },
      "D": {
        "auroc": 0.6549603316417697,
        "f1": 0.5042016806722689
      }
    },
    "FC": {
      "A": {
        "auroc": 0.7006039596883712,
        "f1": 0.4444444444444444
      },
      "B": {
        "auroc": 0.716981,
        "f1": 0.6912
      },
      "C": {
        "auroc": 0.716696447716389,
        "f1": 0.45751633986928103
      },
      "D": {
        "auroc": 0.6980558930741192,
        "f1": 0.45751633986928103
      }
    },
    "TC": {
      "A": {
        "auroc": 0.6258880709027231,
        "f1": 0.25
      },
      "B": {
        "auroc": 0.4804573333333334,
        "f1": 0.5940554558148813
      },
      "C": {
        "auroc": 0.5968050889857766,
        "f1": 0.19607843137254902
      },
      "D": {
        "auroc": 0.6171896218997928,
        "f1": 0.26143790849673204
      }
    },
    "CC": {
      "A": {
        "auroc": 0.40338967907940815,
        "f1": 0.07352941176470588
      },
      "B": {
        "auroc": 0.5515383333333334,
        "f1": 0.6486918314359896
      },
      "C": {
        "auroc": 0.4132746051032807,
        "f1": 0.09032258064516129
      },
      "D": {
        "auroc": 0.4064076906582803,
        "f1": 0.08759124087591241
      }
    }
  }
}