{
  "horizon_s": 1800,
  "stride_s": 600,
  "checkpoint": "C:\\Users\\PC GAMING\\Desktop\\new_ai\\hai-digital-twin\\training\\checkpoints\\v2_weighted_init_best.pt",
  "overall_nrmse_per_pv": {
    "P1_PIT01": 0.0065472074452501165,
    "P1_LIT01": 0.012578987984971044,
    "P1_FT03Z": 0.0062975219327729435,
    "P1_TIT01": 0.012619611651762865,
    "P1_TIT03": 0.016560981377822203
  },
  "nrmse_per_pv_per_scenario": {
    "P1_PIT01": {
      "Normal": 0.0026298288655286304,
      "AP_no": 0.003575302711577544,
      "AP_with": 0.022425388426830353,
      "AE_no": 0.004337018733159226
    },
    "P1_LIT01": {
      "Normal": 0.004074636571040183,
      "AP_no": 0.0033681609238907255,
      "AP_with": 0.04518720639059759,
      "AE_no": 0.009296243621936913
    },
    "P1_FT03Z": {
      "Normal": 0.005719887206802959,
      "AP_no": 0.004985603501902726,
      "AP_with": 0.02168609124953515,
      "AE_no": 0.006812889417181045
    },
    "P1_TIT01": {
      "Normal": 0.005106154078896675,
      "AP_no": 0.006120254487895385,
      "AP_with": 0.04309354535999555,
      "AE_no": 0.005170436694868948
    },
    "P1_TIT03": {
      "Normal": 0.015542303419004283,
      "AP_no": 0.014032099868664676,
      "AP_with": 0.03837907183454488,
      "AE_no": 0.0098488885910888
    }
  },
  "nrmse_per_scenario": {
    "Normal": 0.006614562028254546,
    "AP_no": 0.006416284298786211,
    "AP_with": 0.034154260652300705,
    "AE_no": 0.007093095411646985
  }
}