{
  "model": "GRU-Scenario-Weighted",
  "causal_layers": {
    "PC": [
      "P1_PCV02D",
      "P1_FT01",
      "P1_TIT01"
    ],
    "LC": [
      "P1_FT03",
      "P1_FCV03D",
      "P1_PCV01D"
    ],
    "FC": [
      "P1_PIT01",
      "P1_LIT01",
      "P1_TIT03"
    ],
    "TC": [
      "P1_FT02",
      "P1_PIT02",
      "P1_TIT02"
    ],
    "CC": [
      "P1_PP04D",
      "P1_FCV03D",
      "P1_PCV02D"
    ]
  },
  "hyperparams": {
    "LR": 0.0003,
    "CTRL_LR": 0.001,
    "BATCH": 64,
    "PATIENCE": 20,
    "SCENARIO_WEIGHTS": {
      "0": 1.0,
      "1": 3.0,
      "2": 6.0,
      "3": 2.0
    },
    "TIT03_LOSS_WEIGHT": 2.0,
    "warmstart": "C:\\Users\\ahmma\\Desktop\\farah\\hai-digital-twin\\outputs\\pipeline\\gru_causal_plus_tuned\\gru_plant.pt"
  },
  "best_val_loss": 0.0003102514525855203,
  "test_nrmse_per_pv": {
    "P1_PIT01": 0.0024884315207600594,
    "P1_LIT01": 0.00531587190926075,
    "P1_FT03Z": 0.008282393217086792,
    "P1_TIT01": 0.006807106081396341,
    "P1_TIT03": 0.024580946192145348
  },
  "test_mean_nrmse": 0.00949495006352663,
  "test_nrmse_per_scenario": {
    "Normal": {
      "P1_PIT01": 0.0024884315207600594,
      "P1_LIT01": 0.00531587190926075,
      "P1_FT03Z": 0.008282393217086792,
      "P1_TIT01": 0.006807106081396341,
      "P1_TIT03": 0.024580946192145348
    },
    "AP_no": {
      "P1_PIT01": 0.007691849023103714,
      "P1_LIT01": 0.014882830902934074,
      "P1_FT03Z": 0.012379134073853493,
      "P1_TIT01": 0.01588042825460434,
      "P1_TIT03": 0.006143717095255852
    },
    "AP_with": {
      "P1_PIT01": 0.06312524527311325,
      "P1_LIT01": 0.13705401122570038,
      "P1_FT03Z": 0.07704167813062668,
      "P1_TIT01": 0.13550369441509247,
      "P1_TIT03": 0.09095533937215805
    },
    "AE_no": {
      "P1_PIT01": 0.011865371838212013,
      "P1_LIT01": 0.019854124635457993,
      "P1_FT03Z": 0.04994301497936249,
      "P1_TIT01": 0.011228405870497227,
      "P1_TIT03": 0.01582816056907177
    }
  },
  "attack_detection": {
    "auroc": 0.8988742763204918,
    "best_f1": 0.48739495798319327,
    "best_threshold": 0.32615104198455797,
    "avg_precision": 0.09054097153195083,
    "n_attack_windows": 85,
    "n_normal_windows": 3292
  },
  "train_losses": [
    0.013830935949226842,
    0.014106785389594733,
    0.013088369031902403,
    0.013386434636777267,
    0.014106575201731175,
    0.013250463391887023,
    0.013364415877731517,
    0.01324638455407694,
    0.012824550934601575,
    0.0139622992137447,
    0.01265177937457338,
    0.012500694650225342,
    0.01244549331604503,
    0.012552870524814352,
    0.012644929520320147,
    0.012535092508187518,
    0.012700368190417066,
    0.013004457257920876,
    0.012668626982485876,
    0.012542190926615149,
    0.012428913894109429,
    0.012515725585399196,
    0.01254931219154969,
    0.012449993781046942,
    0.012395302701042965,
    0.012533301714574918,
    0.01249599052243866,
    0.012442072876729071,
    0.01247443063184619,
    0.012482974905287847,
    0.012366031075362115,
    0.01240340099320747,
    0.0122989117866382,
    0.012256832257844508,
    0.012317671673372388,
    0.01234381360700354,
    0.012318291241535917,
    0.012246402591699734,
    0.01214387002401054,
    0.01234161714091897,
    0.012245489802444354,
    0.012231409834930674,
    0.012241835362510755,
    0.012257996865082532,
    0.012324897246435285,
    0.01219814918586053,
    0.01215827584383078,
    0.012154426809865981,
    0.012189877178752796,
    0.012246211268939078,
    0.012250931712333112,
    0.012172852392541244,
    0.012199175963178276,
    0.012185554776806384,
    0.012193133088294417,
    0.01215010200976394,
    0.012205948709743097,
    0.012207793537527323
  ],
  "val_losses": [
    0.0012005630743932788,
    0.0006957077155517334,
    0.0004694701903803355,
    0.0008723530361590826,
    0.000903921292932785,
    0.0006711103437144471,
    0.0005398822895190476,
    0.0004908298066331316,
    0.0005733369591483927,
    0.0005434902559500188,
    0.0003614513856439811,
    0.00045804155651358485,
    0.00040290623070651907,
    0.00043989931873511523,
    0.0004677792426461921,
    0.0004002119467654468,
    0.0008531199570785722,
    0.0006585259435941343,
    0.0003430688495585776,
    0.00034855126147664595,
    0.00033815247930444616,
    0.00034002156905404735,
    0.00032419351159858155,
    0.0003568928159834088,
    0.00034337133389351,
    0.00034435489910917926,
    0.0003581391318458254,
    0.0003511711073097894,
    0.0003862985613523051,
    0.000366511166288072,
    0.00033103089979546064,
    0.0003409333009546137,
    0.0003453766795523141,
    0.00034795424384672356,
    0.00033764975998327947,
    0.0003443912687741787,
    0.00033993437903953475,
    0.0003102514525855203,
    0.00032626290023630565,
    0.00032418710875588107,
    0.0003349419294745135,
    0.00033639811558912146,
    0.00032525076581489134,
    0.00032627783050132996,
    0.0003232715800708241,
    0.00032065892098572755,
    0.00031751267859995687,
    0.0003135113239176976,
    0.00031987120620096505,
    0.00032430862800380135,
    0.00033627036938686734,
    0.00031877258405312085,
    0.0003116420108278322,
    0.0003155852647741204,
    0.00031722401668641555,
    0.00031781746466826325,
    0.0003228332744860698,
    0.00032153571753398233
  ]
}