{
  "model": "GRU-AttackHeads",
  "description": "causal_plus_tuned encoder + per-scenario FC heads (attack heads fine-tuned only)",
  "source_checkpoint": "c:\\Users\\ahmma\\Desktop\\farah\\hai-digital-twin\\outputs\\gru_scenario_weighted\\gru_plant.pt",
  "hyperparams": {
    "HEAD_LR": 0.003,
    "BATCH": 32,
    "PATIENCE": 40
  },
  "best_val_loss": 0.007912812754511833,
  "normal_test_nrmse": {
    "P1_PIT01": 0.002488432452082634,
    "P1_LIT01": 0.005315914284437895,
    "P1_FT03Z": 0.00828270148485899,
    "P1_TIT01": 0.006807126570492983,
    "P1_TIT03": 0.02458092011511326
  },
  "normal_test_mean_nrmse": 0.009495018050074577,
  "test_nrmse_per_scenario": {
    "Normal": {
      "P1_PIT01": 0.002488432452082634,
      "P1_LIT01": 0.005315914284437895,
      "P1_FT03Z": 0.00828270148485899,
      "P1_TIT01": 0.006807126570492983,
      "P1_TIT03": 0.02458092011511326
    },
    "AP_no": {
      "P1_PIT01": 0.007478551939129829,
      "P1_LIT01": 0.015165159478783607,
      "P1_FT03Z": 0.012699248269200325,
      "P1_TIT01": 0.02361753024160862,
      "P1_TIT03": 0.009561851620674133
    },
    "AP_with": {
      "P1_PIT01": 0.05859098583459854,
      "P1_LIT01": 0.14275699853897095,
      "P1_FT03Z": 0.08736906945705414,
      "P1_TIT01": 0.15178115665912628,
      "P1_TIT03": 0.10971891134977341
    },
    "AE_no": {
      "P1_PIT01": 0.031841833144426346,
      "P1_LIT01": 0.41057288646698,
      "P1_FT03Z": 0.15745192766189575,
      "P1_TIT01": 0.248033344745636,
      "P1_TIT03": 0.062499504536390305
    }
  },
  "attack_detection": {
    "auroc": 0.9505682224287042,
    "best_f1": 0.5,
    "best_threshold": 0.11080338100893332,
    "avg_precision": 0.09889359992985142
  },
  "train_losses": [
    0.03286255104467273,
    0.03152132360264659,
    0.02871129964478314,
    0.02144632418639958,
    0.019192342180758715,
    0.017241257010027766,
    0.01724320463836193,
    0.015285535133443773,
    0.015687862178310752,
    0.01309637085068971,
    0.014491692651063204,
    0.01365936070214957,
    0.014110400807112455,
    0.012648063013330102,
    0.013897949364036322,
    0.013727094512432814,
    0.01287903799675405,
    0.011885673506185412,
    0.013384636025875807,
    0.013676662114448845,
    0.011793337995186448,
    0.016530311200767756,
    0.015097418799996376,
    0.014475662726908922,
    0.01673110737465322,
    0.01541183958761394,
    0.012405639747157693,
    0.014715592609718442,
    0.012586799450218678,
    0.012017859844490886,
    0.010836493340320885,
    0.01031867426354438,
    0.012142412597313523,
    0.011761105852201581,
    0.011793557787314057,
    0.012158790370449424,
    0.010930360585916787,
    0.012897063163109124,
    0.012118137208744884,
    0.011123657342977822,
    0.010519316187128425,
    0.011076987721025944,
    0.011253271892201155,
    0.014801562298089266,
    0.017453097738325596,
    0.025246322620660067,
    0.02050492074340582,
    0.02199404197745025,
    0.02043875469826162,
    0.020883117336779833,
    0.016810463508591056,
    0.01516465563327074,
    0.013046365231275558,
    0.013206911971792579,
    0.011050086468458176,
    0.010806084610521793,
    0.010780864162370563,
    0.010370316915214062,
    0.009586193948052824,
    0.009057443006895483,
    0.009234917117282748,
    0.008962556021288037,
    0.010038843844085932,
    0.008782697492279112,
    0.009499451029114425,
    0.009077592520043254,
    0.009238794911652803,
    0.00868382677435875,
    0.008855365449562669,
    0.009470203309319913,
    0.008961986633948982,
    0.009384061093442142,
    0.00921077630482614,
    0.008759696618653834,
    0.008689926005899906,
    0.008373967197258025,
    0.008919134736061096,
    0.008825366268865764,
    0.009764045127667487,
    0.010109248803928494,
    0.009690016158856452,
    0.008811232051812112,
    0.009553265990689397,
    0.011077997740358114,
    0.0088229407556355,
    0.009429958299733698,
    0.008782595861703157,
    0.008731044130399823,
    0.008491423504892737,
    0.008823223761282861,
    0.009660578449256718,
    0.00906797789502889,
    0.008943864144384861,
    0.010540920426137745,
    0.00863650965038687,
    0.008834063541144133,
    0.00875808740966022,
    0.010507142636924982,
    0.00855715514626354,
    0.008773017092607915,
    0.010731381247751415,
    0.010520571377128363,
    0.008671430521644652,
    0.008761129109188914,
    0.00879412202630192,
    0.0083549115806818,
    0.0088706148089841,
    0.009656466427259147,
    0.008335702354088426,
    0.008837835513986647,
    0.008829676313325763,
    0.008488707360811532,
    0.008700590231455863,
    0.008022572612389922,
    0.008445496205240488,
    0.008290990139357746,
    0.008160679251886904,
    0.008806983474642038,
    0.008001982176210731,
    0.008201374323107302,
    0.008011917758267373,
    0.007912812754511833,
    0.008982072118669748,
    0.009436895721592009,
    0.008724735816940665,
    0.008243419113568962,
    0.008566925185732543,
    0.008587953052483499,
    0.008469057618640363,
    0.008598001557402313,
    0.008534270920790732,
    0.008262250921688974,
    0.009097356116399169,
    0.00828391092363745,
    0.008398579666391015,
    0.00832680193707347,
    0.008255326771177351,
    0.009495902457274497,
    0.009245009394362569,
    0.00844981789123267,
    0.009321954334154725,
    0.01024369103834033,
    0.008533569518476725,
    0.007971526472829282,
    0.0087352623231709,
    0.008200951153412461,
    0.008355580503121018,
    0.008005027018953115,
    0.00805692293215543,
    0.00811850093305111,
    0.009241646621376276,
    0.009995342581532896,
    0.008843600051477551,
    0.01015022792853415,
    0.008077599108219147,
    0.008420271216891706,
    0.008247219491750002,
    0.008521350100636482,
    0.008623125497251749,
    0.008082447340711951,
    0.008306766394525766,
    0.008637888939119875
  ],