{
  "model": "GRU-Normal-Only",
  "description": "Trained on normal data only. Residual = actual - predicted_normal reveals attack footprint.",
  "normal_val_loss": 0.0003345586422559184,
  "normal_test_nrmse": {
    "P1_PIT01": 0.0019236180232837796,
    "P1_LIT01": 0.005490271374583244,
    "P1_FT03Z": 0.006768201012164354,
    "P1_TIT01": 0.003772878320887685,
    "P1_TIT03": 0.022756677120923996
  },
  "normal_test_mean_nrmse": 0.008142329752445221,
  "mean_abs_residual_per_scenario": {
    "Normal": {
      "P1_PIT01": 0.01694825477898121,
      "P1_LIT01": 0.02086905762553215,
      "P1_FT03Z": 0.024091357365250587,
      "P1_TIT01": 0.012229441665112972,
      "P1_TIT03": 0.016427230089902878
    },
    "AP_no": {
      "P1_PIT01": 0.04751744866371155,
      "P1_LIT01": 0.03264695778489113,
      "P1_FT03Z": 0.04072435572743416,
      "P1_TIT01": 0.027382859960198402,
      "P1_TIT03": 0.02170892432332039
    },
    "AP_with": {
      "P1_PIT01": 1.180176019668579,
      "P1_LIT01": 1.891296148300171,
      "P1_FT03Z": 0.3722926676273346,
      "P1_TIT01": 0.48142194747924805,
      "P1_TIT03": 0.19471894204616547
    },
    "AE_no": {
      "P1_PIT01": 0.021982302889227867,
      "P1_LIT01": 0.01610124111175537,
      "P1_FT03Z": 0.022870803251862526,
      "P1_TIT01": 0.008450494147837162,
      "P1_TIT03": 0.011833046562969685
    }
  },
  "train_losses": [
    0.0070581742777274204,
    0.005418194434008537,
    0.005237175629307062,
    0.0051091436583262225,
    0.005016339369691336,
    0.004974308161017222,
    0.0049399363282972425,
    0.004955844547695074,
    0.004921342902936232,
    0.004878028546674893,
    0.00487326282578019,
    0.004878019842390831,
    0.004875400712570319,
    0.004872200950884666,
    0.004883190330404501,
    0.004885383738348117,
    0.004893453946957986,
    0.0048897748884673305,
    0.004912671059943163,
    0.004924455585961158,
    0.004928666023680797,
    0.004890205792318552,
    0.00487414113460825,
    0.004880350369673509,
    0.0048772958346093315,
    0.0048850997566030575,
    0.0048795791032413645,
    0.004877760218313107,
    0.004880189143407803,
    0.0048821630816047006,
    0.004868143620208288,
    0.004882330934588726,
    0.004882951864065268,
    0.0048682272840195745,
    0.0048674851154478695,
    0.004860442227278001,
    0.004872750013302534,
    0.004874725073862534,
    0.004867394383137043,
    0.004866403515617817,
    0.004866385868249031,
    0.0048687621616782285,
    0.004870545692168749,
    0.004864201976511723,
    0.0048626755985120935,
    0.0048622867713371916,
    0.004864834260959656,
    0.004854887986603456,
    0.004850638242295155,
    0.0048610525062451,
    0.004885604676718895,
    0.004862704099370883,
    0.004869107730113543,
    0.004864214394146051,
    0.004857487904910858,
    0.004857986222188442,
    0.004855387151623383,
    0.004843836530852012,
    0.004861784048187427,
    0.004856126371006935
  ],
  "val_losses": [
    0.00041828720228901756,
    0.0003764814609894529,
    0.0003791309378963585,
    0.00038668814522679895,
    0.00043299467749117565,
    0.0004133323042575891,
    0.00042986371166383225,
    0.0004124411692221959,
    0.00048337559079906595,
    0.0003617289961160471,
    0.0003697991002506266,
    0.00040368402551393956,
    0.0003921451619438206,
    0.0003495772325550206,
    0.0003545287618180737,
    0.00036912568369492266,
    0.00038895843317732215,
    0.00038507182034663856,
    0.0003645344889567544,
    0.0003797408571699634,
    0.00040423835162073374,
    0.00036134801727409166,
    0.00035566187095052254,
    0.0003539545141393319,
    0.00035729088752608124,
    0.00037524282136776793,
    0.0003741450297335784,
    0.00037093140902773786,
    0.0003438462639072289,
    0.00035523947978314635,
    0.0003566773763547341,
    0.0003459018189460039,
    0.0003489273755500714,
    0.00035616841341834515,
    0.0003431993754929863,
    0.0003473403533765425,
    0.0003462946939786586,
    0.00035198332867973175,
    0.0003519608314187887,
    0.00035622671809202683,
    0.000360515812644735,
    0.00035883749903102097,
    0.00034902485155422863,
    0.0003494951476265366,
    0.00034771238279063255,
    0.0003345586422559184,
    0.0003440726553283942,
    0.00034703657001955435,
    0.00035756529541686177,
    0.00034560903441160917,
    0.00034583571687107906,
    0.0003414001257624477,
    0.0003477482726642241,
    0.00034867782960645854,
    0.0003396308529772796,
    0.0003426617695367895,
    0.00034623245301190764,
    0.0003529334838579719,
    0.0003475868822230647,
    0.0003420819339226
  ]
}