{
  "model": "GRU-Normal-Only",
  "description": "Trained on normal data only. Residual = actual - predicted_normal reveals attack footprint.",
  "normal_val_loss": 0.0031341996121530733,
  "normal_test_nrmse": {
    "P1_PIT01": 0.005316903814673424,
    "P1_LIT01": 0.012682466767728329,
    "P1_FT03Z": 0.011693915352225304,
    "P1_TIT01": 0.014473277144134045,
    "P1_TIT03": 0.031201358884572983
  },
  "normal_test_mean_nrmse": 0.015073584392666817,
  "mean_abs_residual_per_scenario": {
    "Normal": {
      "P1_PIT01": 0.05773694068193436,
      "P1_LIT01": 0.04883652180433273,
      "P1_FT03Z": 0.04592415690422058,
      "P1_TIT01": 0.04759956896305084,
      "P1_TIT03": 0.07413657754659653
    },
    "AP_no": {
      "P1_PIT01": 0.13918046653270721,
      "P1_LIT01": 0.0887322723865509,
      "P1_FT03Z": 0.103866346180439,
      "P1_TIT01": 0.07822021096944809,
      "P1_TIT03": 0.08752202987670898
    },
    "AP_with": {
      "P1_PIT01": 2.0917069911956787,
      "P1_LIT01": 3.0556843280792236,
      "P1_FT03Z": 0.49564266204833984,
      "P1_TIT01": 0.6269715428352356,
      "P1_TIT03": 0.3330253064632416
    },
    "AE_no": {
      "P1_PIT01": 0.06178310513496399,
      "P1_LIT01": 0.015025097876787186,
      "P1_FT03Z": 0.02709008753299713,
      "P1_TIT01": 0.022885698825120926,
      "P1_TIT03": 0.06438544392585754
    }
  },
  "mean_abs_haiend_residual_per_scenario": {
    "Normal": 0.11160041391849518,
    "AP_no": 0.1746644377708435,
    "AP_with": 1.4045689105987549,
    "AE_no": 0.08453187346458435
  },
  "n_haiend": 36,
  "train_losses": [
    0.5449416312651757,
    0.12424841809731263,
    0.07078996482185829,
    0.05048930262907957,
    0.0410847157621995,
    0.03487259531632448,
    0.030786045564290803,
    0.027877490824231736,
    0.02570156891567585,
    0.02392434371778598,
    0.02242123607832652,
    0.02114277385557309,
    0.02008656054162062,
    0.019094015734317977,
    0.01824699838956197,
    0.017624022486882333,
    0.017040017395256422,
    0.016516640877876528,
    0.016026979551101342,
    0.01569136568846611,
    0.015330494715808293,
    0.014986222657637719,
    0.014817024628894452,
    0.014540141257338034,
    0.01423166754345099,
    0.014030974644881029,
    0.013873802330822516,
    0.013744708078985032,
    0.013647881957391897,
    0.013419860759033607,
    0.013244400994899945,
    0.013207150479921928,
    0.013146868429313868,
    0.012970167188308178,
    0.012842692028826628,
    0.012780231996797599,
    0.012667149639664551,
    0.012588914770346422,
    0.012510439237722984,
    0.012413404499873137,
    0.012321096797211047,
    0.01241199380885332,
    0.012384950326612363,
    0.012343449327043997,
    0.012240834175967254,
    0.012113785204023887,
    0.01208752778191597,
    0.012088346414459057,
    0.011950185928398218,
    0.011954230877260366,
    0.01186093289214067,
    0.011795744896890262,
    0.011780901406055842,
    0.011736571454466918,
    0.011675752962055879,
    0.011668095699487587,
    0.011654334668165598,
    0.011749508456350902,
    0.011622001608021749,
    0.011549881563927883
  ],
  "val_losses": [
    0.17228260884682337,
    0.08965664853652318,
    0.045635681599378586,
    0.034609547816216946,
    0.02879610223074754,
    0.024838906712830067,
    0.021802489645779133,
    0.019447243462006252,
    0.017407364056756098,
    0.01581922049323718,
    0.01402887050062418,
    0.01278267071271936,
    0.01172775790716211,
    0.010635419438282648,
    0.009712132470061382,
    0.009007427065322796,
    0.008122361886004606,
    0.008064409407476584,
    0.00732824703057607,
    0.006840561904634039,
    0.006666600937023759,
    0.006057381474723418,
    0.0060499850660562515,
    0.00557874438042442,
    0.005511068583776553,
    0.005350884826232989,
    0.005059129170452555,
    0.004908209045728047,
    0.004776871375118692,
    0.004599018992545704,
    0.004572248086333275,
    0.004669161280617118,
    0.004306636828308304,
    0.004293077431308727,
    0.004090501150737206,
    0.0042832781715939445,
    0.004127769925010701,
    0.0040805689835300045,
    0.003956789112028976,
    0.0036947615056609115,
    0.00396584183908999,
    0.0037194687950735292,
    0.00392483357184877,
    0.003743321052752435,
    0.003696681931614876,
    0.0036785143117109933,
    0.003439763172840079,
    0.003577273106202483,
    0.0035717798552165427,
    0.003452040449095269,
    0.0035861687501892447,
    0.0033625710057094693,
    0.00328838798062255,
    0.0032902659537891545,
    0.003310589507843057,
    0.0034524959434444704,
    0.0031341996121530733,
    0.003175954567268491,
    0.00323293082571278,
    0.0031567001327251396
  ]
}