{
  "model": "GRU-TwoPhase",
  "scenario_heads": true,
  "causal_layers": {
    "PC": [
      "P1_PCV02D",
      "P1_FT01",
      "P1_TIT01"
    ],
    "LC": [
      "P1_FT03",
      "P1_FCV03D",
      "P1_PCV01D"
    ],
    "FC": [
      "P1_PIT01",
      "P1_LIT01",
      "P1_TIT03"
    ],
    "TC": [
      "P1_FT02",
      "P1_PIT02",
      "P1_TIT02"
    ],
    "CC": [
      "P1_PP04D",
      "P1_FCV03D",
      "P1_PCV02D"
    ]
  },
  "hyperparams": {
    "P2_HEAD_LR": 0.005,
    "BATCH": 64,
    "P2_PATIENCE": 30,
    "warmstart": "c:\\Users\\ahmma\\Desktop\\farah\\hai-digital-twin\\outputs\\gru_scenario_heads\\gru_plant.pt"
  },
  "phase1_checkpoint": "c:\\Users\\ahmma\\Desktop\\farah\\hai-digital-twin\\outputs\\gru_scenario_heads\\gru_plant.pt",
  "phase2_best_atk_val_loss": 0.00975141127128154,
  "test_nrmse_per_pv": {
    "P1_PIT01": 0.003157999599352479,
    "P1_LIT01": 0.0062650698237121105,
    "P1_FT03Z": 0.02245805598795414,
    "P1_TIT01": 0.005964042618870735,
    "P1_TIT03": 0.02378946729004383
  },
  "test_mean_nrmse": 0.012326925992965698,
  "test_nrmse_per_scenario": {
    "Normal": {
      "P1_PIT01": 0.003157999599352479,
      "P1_LIT01": 0.0062650698237121105,
      "P1_FT03Z": 0.02245805598795414,
      "P1_TIT01": 0.005964042618870735,
      "P1_TIT03": 0.02378946729004383
    },
    "AP_no": {
      "P1_PIT01": 0.018795635551214218,
      "P1_LIT01": 0.019402503967285156,
      "P1_FT03Z": 0.02127724513411522,
      "P1_TIT01": 0.037225909531116486,
      "P1_TIT03": 0.024939337745308876
    },
    "AP_with": {
      "P1_PIT01": 0.0782562717795372,
      "P1_LIT01": 0.15518949925899506,
      "P1_FT03Z": 0.09387512505054474,
      "P1_TIT01": 0.18626657128334045,
      "P1_TIT03": 0.18038184940814972
    },
    "AE_no": {
      "P1_PIT01": 0.03393660858273506,
      "P1_LIT01": 0.33131682872772217,
      "P1_FT03Z": 0.17477421462535858,
      "P1_TIT01": 0.11688625812530518,
      "P1_TIT03": 0.3876431882381439
    }
  },
  "attack_detection": {
    "auroc": 0.908273175612894,
    "best_f1": 0.6236559139784946,
    "best_threshold": 0.024884915728159616,
    "avg_precision": 0.09734908744363882,
    "n_attack_windows": 85,
    "n_normal_windows": 3292
  },
  "p2_train_losses": [
    0.10704371496103704,
    0.19703292660415173,
    0.05228591477498412,
    0.08196024969220161,
    0.06576939485967159,
    0.0401557357981801,
    0.04562239069491625,
    0.03426307067275047,
    0.03368299175053835,
    0.02639297302812338,
    0.03136882092803717,
    0.021445749327540398,
    0.024843025486916304,
    0.02139220992103219,
    0.01903701084665954,
    0.020684310235083103,
    0.019900846760720015,
    0.019779919181019068,
    0.02163676731288433,
    0.018557223491370678,
    0.020186837296932936,
    0.02466616267338395,
    0.020548483356833458,
    0.02409676695242524,
    0.02003746898844838,
    0.0253623491153121,
    0.017845616210252047,
    0.022570157423615456,
    0.017863858491182327,
    0.017189479898661375,
    0.017342067789286375,
    0.013148886384442449,
    0.020216715522110462,
    0.017568350303918123,
    0.019318352453410625,
    0.015670884866267443,
    0.015977654606103897,
    0.018519080244004726,
    0.019350783433765173,
    0.01419472647830844,
    0.017099180724471807,
    0.016276099253445864,
    0.012002497795037925,
    0.014479001052677631,
    0.01639274600893259,
    0.013239235151559114,
    0.0155748650431633,
    0.016114958096295595,
    0.012078210012987256,
    0.013163032243028283,
    0.013504653703421354,
    0.01601882791146636,
    0.010928569594398141,
    0.012260300572961569,
    0.012423883425071836,
    0.013020183891057968,
    0.013502503978088498,
    0.01295218919403851,
    0.010799872456118464,
    0.01043503254186362,
    0.011996035929769278,
    0.011122355703264475,
    0.012712561758235097,
    0.011147509794682264,
    0.0130692720413208,
    0.012909943237900734,
    0.011995834996923804,
    0.010800100630149245,
    0.011634756810963154,
    0.013087106868624687,
    0.012347442796453834,
    0.01306254230439663,
    0.01248232601210475,
    0.011131336214020848,
    0.010747228283435106,
    0.009978248155675828,
    0.011344839818775654,
    0.010211767395958304,
    0.012505250982940197,
    0.014211987843737006,
    0.012209958862513304,
    0.010523496195673943,
    0.012114994926378131,
    0.01621165103279054,
    0.01079182350076735,
    0.011444540694355965,
    0.010432296665385365,
    0.011030602734535933,
    0.00975141127128154,
    0.011296299751847982,
    0.013123478507623076,
    0.011779579799622297,
    0.01188434986397624,
    0.015213529579341412,
    0.01060370053164661,
    0.011835718993097544,
    0.011325404280796647,
    0.016647937009111047,
    0.011052674381062388,
    0.011838570702821016
  ]
}