{
  "f1": 0.8370497427101201,
  "precision": 0.7197640117994101,
  "recall": 1.0,
  "roc_auc": 0.9916070320201541,
  "tp": 244,
  "fp": 95,
  "tn": 3497,
  "fn": 0
}