{
  "f1": 0.3458980044345898,
  "precision": 0.37681159420289856,
  "recall": 0.319672131147541,
  "roc_auc": 0.6593226295228012,
  "tp": 78,
  "fp": 129,
  "tn": 3463,
  "fn": 166
}