{
  "f1": 0.37366003062787134,
  "precision": 0.2982885085574572,
  "recall": 0.5,
  "roc_auc": 0.7783952955566102,
  "tp": 122,
  "fp": 287,
  "tn": 3305,
  "fn": 122,
  "features": "461-dim: per-sensor(277) + temporal(180) + stats(4) \u2192 PCA(30)",
  "training": "train1-3 normal + test1 known attacks",
  "evaluation": "test2 held-out"
}