{
  "method": "zscore",
  "sensor_cols": [
    "DM-FT01Z",
    "DM-FT02Z",
    "DM-FT03Z",
    "1004.21-OUT",
    "1004.24-OUT",
    "1020.18-OUT",
    "1020.20-OUT",
    "1020.21-OUT",
    "DM-PP04-D",
    "1001.5-OUT",
    "1001.13-OUT",
    "1001.14-OUT",
    "1001.15-OUT",
    "1001.16-OUT",
    "1001.17-OUT",
    "1001.20-OUT",
    "1002.7-OUT",
    "1002.8-OUT",
    "1002.9-OUT",
    "1002.20-OUT",
    "1002.21-OUT",
    "1002.30-OUT",
    "1002.31-OUT",
    "1003.5-OUT",
    "1003.10-OUT",
    "1003.11-OUT",
    "1003.17-OUT",
    "1003.18-OUT",
    "1003.23-OUT",
    "1003.24-OUT",
    "1003.25-OUT",
    "1003.26-OUT",
    "1003.29-OUT",
    "1003.30-OUT",
    "1020.13-OUT",
    "1020.14-OUT",
    "1020.15-OUT",
    "DM-AIT-DO",
    "DM-AIT-PH",
    "DM-PP04-AO",
    "DM-TWIT-04",
    "DM-TWIT-05",
    "GATEOPEN",
    "PP04-SP-OUT",
    "DM-HT01-D",
    "DM-FCV01-D",
    "DM-FCV01-Z",
    "DM-FCV02-D",
    "DM-FCV02-Z",
    "DM-FCV03-D",
    "DM-FCV03-Z",
    "DM-FT01",
    "DM-FT02",
    "DM-FT03",
    "DM-LCV01-D",
    "DM-LCV01-Z",
    "DM-LIT01",
    "DM-PCV01-D",
    "DM-PCV01-Z",
    "DM-PCV02-D",
    "DM-PCV02-Z",
    "DM-PIT01",
    "DM-PIT02",
    "DM-PWIT-03",
    "DM-TIT01",
    "DM-TIT02",
    "DM-TWIT-03"
  ],
  "stats": {
    "DM-FT01Z": {
      "mean": 326.6003240529473,
      "std": 40.5028789979993
    },
    "DM-FT02Z": {
      "mean": 1535.7682015951002,
      "std": 1267.9137120259493
    },
    "DM-FT03Z": {
      "mean": 999.6482288938711,
      "std": 30.317156821109133
    },
    "1004.21-OUT": {
      "binary": true
    },
    "1004.24-OUT": {
      "binary": true
    },
    "1020.18-OUT": {
      "binary": true
    },
    "1020.20-OUT": {
      "binary": true
    },
    "1020.21-OUT": {
      "binary": true
    },
    "DM-PP04-D": {
      "binary": true
    },
    "1001.5-OUT": {
      "mean": 0.13097980286033026,
      "std": 0.04132332857142717
    },
    "1001.13-OUT": {
      "mean": 6.564243403279786,
      "std": 0.6536506337504222
    },
    "1001.14-OUT": {
      "mean": 1.11561626938755,
      "std": 0.10591919079280422
    },
    "1001.15-OUT": {
      "mean": 1.1156153120336907,
      "std": 0.1059193898289072
    },
    "1001.16-OUT": {
      "mean": 28.073517425734053,
      "std": 2.519871381035011
    },
    "1001.17-OUT": {
      "mean": 28.073517310867928,
      "std": 2.5198712733653275
    },
    "1001.20-OUT": {
      "mean": 28.073517310867928,
      "std": 2.5198712733653275
    },
    "1002.7-OUT": {
      "mean": 346.15259341583777,
      "std": 27.33979306022783
    },
    "1002.8-OUT": {
      "mean": 999.6509239128817,
      "std": 30.104955014879405
    },
    "1002.9-OUT": {
      "mean": 55.07318170055777,
      "std": 3.5504028547193593
    },
    "1002.20-OUT": {
      "mean": 55.073181790117125,
      "std": 3.5504027785825927
    },
    "1002.21-OUT": {
      "mean": 15.809276924705493,
      "std": 2.810036333179355
    },
    "1002.30-OUT": {
      "mean": 15.809276924705493,
      "std": 2.810036333179355
    },
    "1002.31-OUT": {
      "mean": 15.334999068176037,
      "std": 2.7257353223014853
    },
    "1003.5-OUT": {
      "mean": 48.14372711212407,
      "std": 39.74980712559257
    },
    "1003.10-OUT": {
      "mean": 1535.77196055536,
      "std": 1267.910894306448
    },
    "1003.11-OUT": {
      "mean": 30.051825157593697,
      "std": 24.718192126708576
    },
    "1003.17-OUT": {
      "mean": 30.051844202251228,
      "std": 24.718213792287724
    },
    "1003.18-OUT": {
      "mean": 26.448382332284712,
      "std": 0.9214984627125975
    },
    "1003.23-OUT": {
      "mean": 6.564243379451138,
      "std": 0.6536506665647348
    },
    "1003.24-OUT": {
      "mean": 30.23050412698015,
      "std": 0.978306967865394
    },
    "1003.25-OUT": {
      "mean": 48.131152475507605,
      "std": 40.346070270278084
    },
    "1003.26-OUT": {
      "mean": 30.051887678950244,
      "std": 24.718228880472925
    },
    "1003.29-OUT": {
      "mean": 30.051887906340916,
      "std": 24.718228686022726
    },
    "1003.30-OUT": {
      "mean": 30.051887906340916,
      "std": 24.718228686022726
    },
    "1020.13-OUT": {
      "mean": 56.905249279606196,
      "std": 40.92219729850727
    },
    "1020.14-OUT": {
      "mean": 56.90525259514834,
      "std": 40.922209855015055
    },
    "1020.15-OUT": {
      "mean": 24.577415672415217,
      "std": 16.537657618539566
    },
    "DM-AIT-DO": {
      "mean": 0.08412817451584119,
      "std": 0.01
    },
    "DM-AIT-PH": {
      "mean": 3.613542234508032,
      "std": 0.09156573167227407
    },
    "DM-PP04-AO": {
      "mean": 24.71853233746095,
      "std": 16.624924924791156
    },
    "DM-TWIT-04": {
      "mean": 29.23290204147701,
      "std": 0.9854142390108532
    },
    "DM-TWIT-05": {
      "mean": 26.32196574982485,
      "std": 0.5136618749978893
    },
    "GATEOPEN": {
      "mean": 6.564239620901379,
      "std": 0.6536429283261943
    },
    "PP04-SP-OUT": {
      "mean": 27.695109634201284,
      "std": 0.2991491613161667
    },
    "DM-HT01-D": {
      "binary": true
    },
    "DM-FCV01-D": {
      "mean": 30.051778691142328,
      "std": 24.718244044525445
    },
    "DM-FCV01-Z": {
      "mean": 29.88919749510599,
      "std": 24.990147317005842
    },
    "DM-FCV02-D": {
      "mean": 47.10144198953928,
      "std": 40.90191170230287
    },
    "DM-FCV02-Z": {
      "mean": 42.69383525018408,
      "std": 38.03118929489046
    },
    "DM-FCV03-D": {
      "mean": 55.073220441219334,
      "std": 3.550396481135808
    },
    "DM-FCV03-Z": {
      "mean": 55.77681076665662,
      "std": 3.634702445779813
    },
    "DM-FT01": {
      "mean": 62.73044112830546,
      "std": 7.821072263886476
    },
    "DM-FT02": {
      "mean": 981.2022444719807,
      "std": 1014.6328203618765
    },
    "DM-FT03": {
      "mean": 247.30476022219773,
      "std": 14.981355276252385
    },
    "DM-LCV01-D": {
      "mean": 15.334986650621378,
      "std": 2.725752518753805
    },
    "DM-LCV01-Z": {
      "mean": 15.218669956668897,
      "std": 2.7230911867584373
    },
    "DM-LIT01": {
      "mean": 346.7775243018283,
      "std": 28.054091713291786
    },
    "DM-PCV01-D": {
      "mean": 28.07352746293844,
      "std": 2.5198936041480597
    },
    "DM-PCV01-Z": {
      "mean": 28.531948410325743,
      "std": 2.541944757292922
    },
    "DM-PCV02-D": {
      "mean": 12.000419886897589,
      "std": 0.02937474734072226
    },
    "DM-PCV02-Z": {
      "mean": 11.877590267958503,
      "std": 0.18002081539037482
    },
    "DM-PIT01": {
      "mean": 1.1156116555544402,
      "std": 0.102708238096118
    },
    "DM-PIT02": {
      "mean": 0.6210325216811693,
      "std": 0.3629767067100347
    },
    "DM-PWIT-03": {
      "mean": 0.0005553208924587239,
      "std": 0.01
    },
    "DM-TIT01": {
      "mean": 30.304339521869693,
      "std": 1.3264471255272745
    },
    "DM-TIT02": {
      "mean": 36.032019818984836,
      "std": 2.030437988620896
    },
    "DM-TWIT-03": {
      "mean": 27.90096566610218,
      "std": 1.2215845329338484
    }
  }
}