{
  "method": "zscore",
  "sensor_cols": [
    "P1_FCV01D",
    "P1_FCV01Z",
    "P1_FCV02D",
    "P1_FCV02Z",
    "P1_FCV03D",
    "P1_FCV03Z",
    "P1_FT01",
    "P1_FT01Z",
    "P1_FT02",
    "P1_FT02Z",
    "P1_FT03",
    "P1_FT03Z",
    "P1_LCV01D",
    "P1_LCV01Z",
    "P1_LIT01",
    "P1_PCV01D",
    "P1_PCV01Z",
    "P1_PCV02D",
    "P1_PCV02Z",
    "P1_PIT01",
    "P1_PIT02",
    "P1_PP04",
    "P1_PP04D",
    "P1_PP04SP",
    "P1_TIT01",
    "P1_TIT02",
    "P1_TIT03",
    "P2_24Vdc",
    "P2_ATSW_Lamp",
    "P2_AutoGO",
    "P2_AutoSD",
    "P2_MASW",
    "P2_MASW_Lamp",
    "P2_ManualGO",
    "P2_ManualSD",
    "P2_SCO",
    "P2_SCST",
    "P2_SIT01",
    "P2_VIBTR01",
    "P2_VIBTR02",
    "P2_VIBTR03",
    "P2_VIBTR04",
    "P2_VT01",
    "P3_FIT01",
    "P3_LCP01D",
    "P3_LCV01D",
    "P3_LIT01",
    "P3_PIT01",
    "P4_HT_FD",
    "P4_HT_PO",
    "P4_HT_PS",
    "P4_LD",
    "P4_ST_FD",
    "P4_ST_GOV",
    "P4_ST_LD",
    "P4_ST_PO",
    "P4_ST_PS",
    "P4_ST_PT01",
    "P4_ST_TT01",
    "x1001_05_SETPOINT_OUT",
    "x1001_15_ASSIGN_OUT",
    "x1002_07_SETPOINT_OUT",
    "x1002_08_SETPOINT_OUT",
    "x1003_10_SETPOINT_OUT",
    "x1003_18_SETPOINT_OUT",
    "x1003_24_SUM_OUT"
  ],
  "stats": {
    "P1_FCV01D": {
      "mean": 30.05192864142124,
      "std": 24.718084498733372
    },
    "P1_FCV01Z": {
      "mean": 29.88923114742301,
      "std": 24.990280718004396
    },
    "P1_FCV02D": {
      "mean": 47.103226845225336,
      "std": 40.90431483898594
    },
    "P1_FCV02Z": {
      "mean": 42.693824493105765,
      "std": 38.03117669183089
    },
    "P1_FCV03D": {
      "mean": 55.07317383609995,
      "std": 3.550404334740664
    },
    "P1_FCV03Z": {
      "mean": 55.7768279755355,
      "std": 3.6346942908636555
    },
    "P1_FT01": {
      "mean": 62.73045730719544,
      "std": 7.820872780072076
    },
    "P1_FT01Z": {
      "mean": 326.60217523280903,
      "std": 40.50409028218743
    },
    "P1_FT02": {
      "mean": 981.2032745396249,
      "std": 1014.6366992867383
    },
    "P1_FT02Z": {
      "mean": 1535.7749175522417,
      "std": 1267.9121807587771
    },
    "P1_FT03": {
      "mean": 247.30474325133872,
      "std": 14.981401343115557
    },
    "P1_FT03Z": {
      "mean": 999.6484869902052,
      "std": 30.317057013953267
    },
    "P1_LCV01D": {
      "mean": 15.335020240707271,
      "std": 2.725717197345992
    },
    "P1_LCV01Z": {
      "mean": 15.218693383043286,
      "std": 2.7231357320074028
    },
    "P1_LIT01": {
      "mean": 346.7775070603079,
      "std": 28.054109285691876
    },
    "P1_PCV01D": {
      "mean": 28.073503722244535,
      "std": 2.5198072866802392
    },
    "P1_PCV01Z": {
      "mean": 28.531967781035252,
      "std": 2.541852772777195
    },
    "P1_PCV02D": {
      "mean": 12.000419692949578,
      "std": 0.029373997326122298
    },
    "P1_PCV02Z": {
      "mean": 11.877592619756808,
      "std": 0.18001916056798703
    },
    "P1_PIT01": {
      "mean": 1.1156120376171346,
      "std": 0.10270942390127315
    },
    "P1_PIT02": {
      "mean": 0.621027741979027,
      "std": 0.36297150120164967
    },
    "P1_PP04": {
      "mean": 24.71878289676482,
      "std": 16.624897075042075
    },
    "P1_PP04D": {
      "binary": true
    },
    "P1_PP04SP": {
      "mean": 27.695109996095493,
      "std": 0.2991517635525193
    },
    "P1_TIT01": {
      "mean": 30.304332692659518,
      "std": 1.3264451111456332
    },
    "P1_TIT02": {
      "mean": 36.03200851276215,
      "std": 2.0304410977071696
    },
    "P1_TIT03": {
      "mean": 27.899739130432845,
      "std": 1.2212364425968467
    },
    "P2_24Vdc": {
      "mean": 28.03430189082997,
      "std": 0.01
    },
    "P2_ATSW_Lamp": {
      "binary": true
    },
    "P2_AutoGO": {
      "binary": true
    },
    "P2_AutoSD": {
      "mean": 118.11740354985501,
      "std": 7.696534996454632
    },
    "P2_MASW": {
      "binary": true
    },
    "P2_MASW_Lamp": {
      "binary": true
    },
    "P2_ManualGO": {
      "binary": true
    },
    "P2_ManualSD": {
      "mean": 11.298660684605071,
      "std": 3.7887480655991146
    },
    "P2_SCO": {
      "mean": 54713.93238844266,
      "std": 163.29323377850525
    },
    "P2_SCST": {
      "mean": 720.4717350813585,
      "std": 0.2241350832656943
    },
    "P2_SIT01": {
      "mean": 904.6798806336457,
      "std": 32.897454514779696
    },
    "P2_VIBTR01": {
      "mean": 6.717268621374387,
      "std": 0.41228022219353294
    },
    "P2_VIBTR02": {
      "mean": -3.1314139441097706,
      "std": 0.39761697016023395
    },
    "P2_VIBTR03": {
      "mean": 9.652365128960284,
      "std": 0.3907013885186957
    },
    "P2_VIBTR04": {
      "mean": -1.081494141454708,
      "std": 0.3718497734113023
    },
    "P2_VT01": {
      "mean": 11.953446192469872,
      "std": 0.046951279071737184
    },
    "P3_FIT01": {
      "mean": 1058.827974118697,
      "std": 1673.7989900284633
    },
    "P3_LCP01D": {
      "mean": 4982.53098616689,
      "std": 5111.242085539247
    },
    "P3_LCV01D": {
      "mean": 7418.3767782240075,
      "std": 6825.959143880299
    },
    "P3_LIT01": {
      "mean": 15065.014423248549,
      "std": 3250.1266130559807
    },
    "P3_PIT01": {
      "mean": 768.9702855867916,
      "std": 1301.9432520853773
    },
    "P4_HT_FD": {
      "mean": -0.0001990659973226238,
      "std": 0.01
    },
    "P4_HT_PO": {
      "mean": 34.7638482570058,
      "std": 31.39704459316763
    },
    "P4_HT_PS": {
      "mean": 4.192553876193664,
      "std": 2.3164945408719646
    },
    "P4_LD": {
      "mean": 366.4208130720216,
      "std": 60.64327527574635
    },
    "P4_ST_FD": {
      "mean": -4.783966979027218e-05,
      "std": 0.01
    },
    "P4_ST_GOV": {
      "mean": 18122.61867916109,
      "std": 1805.4952700053361
    },
    "P4_ST_LD": {
      "mean": 331.4861095289157,
      "std": 36.957528184728226
    },
    "P4_ST_PO": {
      "mean": 331.79316873169347,
      "std": 33.472208380138255
    },
    "P4_ST_PS": {
      "mean": 15.383081328145918,
      "std": 8.856971738355167
    },
    "P4_ST_PT01": {
      "mean": 9973.489666443553,
      "std": 29.109077516915672
    },
    "P4_ST_TT01": {
      "mean": 27098.927878179384,
      "std": 128.22039150964167
    },
    "x1001_05_SETPOINT_OUT": {
      "mean": 0.1309794899263721,
      "std": 0.04132338210970493
    },
    "x1001_15_ASSIGN_OUT": {
      "mean": 1.1156140547746538,
      "std": 0.10591845264954936
    },
    "x1002_07_SETPOINT_OUT": {
      "mean": 346.1527200947794,
      "std": 27.33991169395814
    },
    "x1002_08_SETPOINT_OUT": {
      "mean": 999.6511570128289,
      "std": 30.104906235222742
    },
    "x1003_10_SETPOINT_OUT": {
      "mean": 1535.776873581861,
      "std": 1267.9187415852834
    },
    "x1003_18_SETPOINT_OUT": {
      "mean": 26.448377137684076,
      "std": 0.9214994537532714
    },
    "x1003_24_SUM_OUT": {
      "mean": 30.230495300312374,
      "std": 0.9783042217318263
    }
  }
}