{
  "rmse_val": 0.13007621467113495,
  "rmse_test_normal": 0.12912888824939728,
  "rmse_test_attack": 31.4063720703125,
  "separation_ratio": 243.21724206015605
}