{
  "rmse_val": 0.13087841868400574,
  "rmse_test_normal": 0.1318039447069168,
  "rmse_test_attack": 31.41142463684082,
  "separation_ratio": 238.31930604723706
}