{
  "rmse_val": 0.11288699507713318,
  "rmse_normal": 0.1349361687898636,
  "rmse_attack": 26.533153533935547
}