{
  "rmse_val": 0.16236612200737,
  "rmse_test_normal": 0.2049335092306137,
  "rmse_test_attack": 0.6759825348854065,
  "separation_ratio": 3.298545647431024
}