{
  "rmse_val": 0.17127452790737152,
  "rmse_test_normal": 0.18130961060523987,
  "rmse_test_attack": 0.34613436460494995,
  "separation_ratio": 1.9090789696668546
}