{
  "rmse_val": 0.11331015080213547,
  "rmse_normal": 0.13546638190746307,
  "rmse_attack": 26.531230926513672
}