{
  "model": "LSTM",
  "nrmse_per_pv": {
    "P1_PIT01": 0.0047414409928023815,
    "P1_LIT01": 0.008708667010068893,
    "P1_FT03Z": 0.015349275432527065,
    "P1_TIT01": 0.018582316115498543,
    "P1_TIT03": 0.025380974635481834
  },
  "mean_nrmse": 0.014552535489201546,
  "best_val_loss": 0.000684067235852126
}